episode,scenario,traffic_count,obstacle_count,reactive_fraction,steps,return,rolling_return_20,distance_m,mean_speed_mps,outcome,epsilon,mean_loss,eval_return,eval_distance_m,eval_safe_rate,eval_sparse_return,eval_sparse_safe_rate,eval_normal_return,eval_normal_safe_rate,eval_dense_return,eval_dense_safe_rate
1,lane,0,0,0.0,739,-605.28728,-605.28728,355.996,4.8173,off_road,0.992199,,,,,,,,,,
2,lane,0,0,0.0,142,-419.20789,-512.24759,95.347,6.7146,off_road,0.990701,0.886648,,,,,,,,,
3,lane,0,0,0.0,31,-387.13765,-470.54427,21.05,6.7904,off_road,0.990373,0.924646,,,,,,,,,
4,lane,0,0,0.0,53,-370.59501,-445.55696,67.993,12.8289,off_road,0.989814,2.017038,,,,,,,,,
5,lane,0,0,0.0,257,-387.09922,-433.86541,358.573,13.9523,off_road,0.987101,1.236683,,,,,,,,,
6,lane,0,0,0.0,900,-204.96283,-395.71498,396.248,4.4028,complete,0.977601,1.200814,,,,,,,,,
7,lane,0,0,0.0,900,-131.37619,-357.9523,123.56,1.3729,complete,0.968101,0.595276,,,,,,,,,
8,lane,0,0,0.0,900,7.65958,-312.25081,278.259,3.0918,complete,0.958601,0.546132,,,,,,,,,
9,lane,0,0,0.0,900,-30.42498,-280.93683,242.247,2.6916,complete,0.949101,0.475694,,,,,,,,,
10,lane,0,0,0.0,900,-161.9267,-269.03582,112.972,1.2552,complete,0.939601,0.443046,,,,,,,,,
11,lane,0,0,0.0,900,-3.72176,-244.91636,245.617,2.7291,complete,0.930101,0.29731,,,,,,,,,
12,lane,0,0,0.0,803,-323.83906,-251.49325,484.016,6.0276,off_road,0.921625,0.229944,,,,,,,,,
13,lane,0,0,0.0,900,-59.74561,-236.74343,181.542,2.0171,complete,0.912125,0.273521,,,,,,,,,
14,lane,0,0,0.0,58,-384.66497,-247.30925,83.604,14.4145,off_road,0.911513,0.200958,,,,,,,,,
15,lane,0,0,0.0,900,-33.78989,-233.07463,112.202,1.2467,complete,0.902013,0.261111,,,,,,,,,
16,lane,0,0,0.0,900,128.09451,-210.50156,369.081,4.1009,complete,0.892513,0.302596,,,,,,,,,
17,lane,0,0,0.0,900,-81.92419,-202.93818,186.549,2.0728,complete,0.883013,0.235579,,,,,,,,,
18,lane,0,0,0.0,900,-107.36179,-197.62839,135.005,1.5001,complete,0.873513,0.2112,,,,,,,,,
19,lane,0,0,0.0,900,104.64697,-181.71916,332.24,3.6916,complete,0.864013,0.163938,,,,,,,,,
20,lane,0,0,0.0,900,39.96361,-170.63502,234.35,2.6039,complete,0.854513,0.219561,,,,,,,,,
21,lane,0,0,0.0,202,-315.31006,-156.13616,383.123,18.9665,off_road,0.852381,0.20204,,,,,,,,,
22,lane,0,0,0.0,900,102.05455,-130.07303,414.316,4.6035,complete,0.842881,0.252612,,,,,,,,,
23,lane,0,0,0.0,900,67.08425,-107.36194,279.711,3.1079,complete,0.833381,0.155849,,,,,,,,,
24,lane,0,0,0.0,900,111.41252,-83.26156,406.02,4.5113,complete,0.823881,0.132419,,,,,,,,,
25,lane,0,0,0.0,900,217.69234,-53.02198,681.609,7.5734,complete,0.814381,0.188595,-373.92481,290.879,0.1111,-178.23125,0.3333,-423.64023,0.0,-519.90296,0.0
26,lane,0,0,0.0,900,651.1854,-10.21457,1480.712,16.4524,complete,0.804881,0.158941,,,,,,,,,
27,lane,0,0,0.0,900,367.99526,14.754,1024.392,11.3821,complete,0.795381,0.197295,,,,,,,,,
28,lane,0,0,0.0,900,182.61125,23.50158,458.617,5.0957,complete,0.785881,0.132481,,,,,,,,,
29,lane,0,0,0.0,900,217.63447,35.90456,569.203,6.3245,complete,0.776381,0.156643,,,,,,,,,
30,lane,0,0,0.0,900,622.54876,75.12833,1408.589,15.651,complete,0.766881,0.145984,,,,,,,,,
31,light_traffic,4,0,0.0,900,335.39496,92.08416,734.89,8.1654,complete,0.757381,0.111246,,,,,,,,,
32,light_traffic,4,0,0.0,211,-455.90969,85.48063,318.254,15.0831,collision,0.755153,0.12467,,,,,,,,,
33,light_traffic,4,0,0.0,25,-538.38748,61.54854,48.796,19.5185,collision,0.754889,0.244823,,,,,,,,,
34,light_traffic,4,0,0.0,355,-534.25043,54.06927,621.581,17.5093,collision,0.751142,0.166349,,,,,,,,,
35,light_traffic,4,0,0.0,286,-418.84596,34.81646,447.06,15.6315,collision,0.748123,0.289303,,,,,,,,,
36,light_traffic,4,0,0.0,900,146.28716,35.7261,361.773,4.0197,complete,0.738623,0.20091,,,,,,,,,
37,light_traffic,4,0,0.0,900,376.10772,58.62769,1099.577,12.2175,complete,0.729123,0.257425,,,,,,,,,
38,light_traffic,4,0,0.0,393,-284.39125,49.77622,719.348,18.304,collision,0.724975,0.291621,,,,,,,,,
39,light_traffic,4,0,0.0,680,-191.79207,34.95427,1064.335,15.652,collision,0.717797,0.223998,,,,,,,,,
40,light_traffic,4,0,0.0,356,-375.71445,14.17036,904.62,25.4107,collision,0.714039,0.259271,,,,,,,,,
41,light_traffic,4,0,0.0,768,-153.67592,22.25207,1164.939,15.1685,collision,0.705933,0.292305,,,,,,,,,
42,light_traffic,4,0,0.0,126,-474.42311,-6.57181,233.994,18.571,collision,0.704603,0.402018,,,,,,,,,
43,light_traffic,4,0,0.0,297,-479.86531,-33.91929,624.661,21.0324,collision,0.701468,0.305722,,,,,,,,,
44,light_traffic,4,0,0.0,660,-339.23781,-56.45181,1169.5,17.7197,collision,0.694501,0.350559,,,,,,,,,
45,light_traffic,4,0,0.0,331,-318.83616,-83.27823,626.822,18.9372,collision,0.691007,0.300235,,,,,,,,,
46,light_traffic,4,0,0.0,359,-344.63628,-133.06932,707.638,19.7114,collision,0.687218,0.274098,,,,,,,,,
47,light_traffic,4,0,0.0,900,443.9237,-129.2729,1710.865,19.0096,complete,0.677718,0.329129,,,,,,,,,
48,light_traffic,4,0,0.0,68,-471.83537,-161.99523,153.199,22.5293,collision,0.677,0.380811,,,,,,,,,
49,light_traffic,4,0,0.0,482,-314.08806,-188.58135,664.574,13.7878,collision,0.671912,0.317215,,,,,,,,,
50,light_traffic,4,0,0.0,900,82.91582,-215.563,1327.744,14.7527,complete,0.662412,0.356175,-62.00218,724.124,0.6667,234.13205,0.6667,-243.46189,0.6667,-176.67671,0.6667
51,light_traffic,4,0,0.0,900,93.91499,-227.637,1146.833,12.7426,complete,0.652912,0.434084,,,,,,,,,
52,light_traffic,4,0,0.0,900,303.32333,-189.67535,1214.457,13.494,complete,0.643412,0.432577,,,,,,,,,
53,light_traffic,4,0,0.0,619,-324.06,-178.95897,704.306,11.3781,collision,0.636878,0.346701,,,,,,,,,
54,light_traffic,4,0,0.0,900,437.1812,-130.38739,1086.921,12.0769,complete,0.627378,0.322591,,,,,,,,,
55,light_traffic,4,0,0.0,900,298.29462,-94.53036,965.961,10.7329,complete,0.617878,0.419632,,,,,,,,,
56,light_traffic,4,0,0.0,900,463.28811,-78.68032,1081.565,12.0174,complete,0.608378,0.476929,,,,,,,,,
57,light_traffic,4,0,0.0,900,145.86627,-90.19239,1114.967,12.3885,complete,0.598878,0.329265,,,,,,,,,
58,light_traffic,4,0,0.0,900,274.54467,-62.24559,876.558,9.7395,complete,0.589378,0.441711,,,,,,,,,
59,light_traffic,4,0,0.0,900,598.82571,-22.7147,1522.544,16.9172,complete,0.579878,0.337029,,,,,,,,,
60,light_traffic,4,0,0.0,900,505.86479,21.36426,1355.606,15.0623,complete,0.570378,0.38619,,,,,,,,,
61,light_traffic,4,0,0.0,900,466.30342,52.36323,1179.164,13.1018,complete,0.560878,0.322578,,,,,,,,,
62,light_traffic,4,0,0.0,900,761.27981,114.14837,1875.452,20.8384,complete,0.551378,0.391408,,,,,,,,,
63,light_traffic,4,0,0.0,900,533.78899,164.83109,1336.647,14.8516,complete,0.541878,0.316975,,,,,,,,,
64,light_traffic,4,0,0.0,900,133.45791,188.46587,892.652,9.9184,complete,0.532378,0.318537,,,,,,,,,
65,light_traffic,4,0,0.0,900,556.37946,232.22665,1226.612,13.629,complete,0.522878,0.330261,,,,,,,,,
66,light_traffic,4,0,0.0,900,501.22038,274.51949,1366.19,15.1799,complete,0.513378,0.396089,,,,,,,,,
67,light_traffic,4,0,0.0,118,-507.05196,226.9707,227.938,19.3168,collision,0.512133,0.468857,,,,,,,,,
68,light_traffic,4,0,0.0,900,530.79511,277.10223,1174.829,13.0537,complete,0.502633,0.320684,,,,,,,,,
69,light_traffic,4,0,0.0,900,431.64034,314.38865,1272.644,14.1405,complete,0.493133,0.391089,,,,,,,,,
70,light_traffic,4,0,0.0,900,362.08421,328.34707,1132.202,12.58,complete,0.483633,0.434205,,,,,,,,,
71,traffic,9,0,0.9495,900,501.29482,348.71606,1521.804,16.9089,complete,0.474133,0.259448,,,,,,,,,
72,traffic,13,0,0.4025,900,251.74941,346.13736,958.618,10.6513,complete,0.464633,0.392059,,,,,,,,,
73,traffic,9,1,0.6058,900,-16.08262,361.53623,92.778,1.0309,complete,0.455133,0.285093,,,,,,,,,
74,traffic,12,1,0.6277,900,-62.29905,336.56222,72.565,0.8063,complete,0.445633,0.368746,,,,,,,,,
75,traffic,9,2,0.4383,53,-558.96323,293.69933,71.09,13.4132,collision,0.445073,0.136665,491.41993,1125.003,1.0,767.69115,1.0,511.34955,1.0,195.21908,1.0
76,traffic,7,0,0.1024,900,347.4827,287.90906,1180.185,13.1132,complete,0.435573,0.339335,,,,,,,,,
77,traffic,7,0,0.1163,900,490.52409,305.14195,1372.336,15.2482,complete,0.426073,0.239429,,,,,,,,,
78,traffic,4,3,0.4571,73,-536.22295,264.60357,112.811,15.4536,collision,0.425303,0.208395,,,,,,,,,
79,traffic,9,2,0.4637,900,-731.30697,198.09693,130.345,1.4483,complete,0.415803,0.293392,,,,,,,,,
80,traffic,8,2,0.103,900,-2.428,172.68229,120.277,1.3364,complete,0.406303,0.325566,,,,,,,,,
81,traffic,7,3,0.4418,57,-537.85718,122.47426,89.698,15.7364,collision,0.405701,0.25626,,,,,,,,,
82,traffic,7,2,0.343,900,60.0241,87.41148,373.065,4.1452,complete,0.396201,0.36169,,,,,,,,,
83,traffic,4,1,0.7604,900,83.6198,64.90302,357.455,3.9717,complete,0.386701,0.364301,,,,,,,,,
84,traffic,12,1,0.3719,47,-571.06545,29.67685,88.46,18.8212,collision,0.386205,0.114348,,,,,,,,,
85,traffic,10,0,0.9394,900,434.19388,23.56757,965.976,10.7331,complete,0.376705,0.281175,,,,,,,,,
86,traffic,13,1,0.677,900,353.76115,16.19461,955.791,10.6199,complete,0.367205,0.40952,,,,,,,,,
87,traffic,10,1,0.4643,900,-88.36465,37.12898,57.188,0.6354,complete,0.357705,0.333488,,,,,,,,,
88,traffic,9,3,0.0312,900,-93.23191,5.92763,67.864,0.754,complete,0.348205,0.46208,,,,,,,,,
89,traffic,9,3,0.2029,900,-186.62271,-24.98553,97.613,1.0846,complete,0.338705,0.30933,,,,,,,,,
90,traffic,5,1,0.5422,900,81.20058,-39.02971,330.619,3.6735,complete,0.329205,0.407801,,,,,,,,,
91,traffic,10,3,0.885,900,232.03555,-52.49267,778.401,8.6489,complete,0.319705,0.329932,,,,,,,,,
92,traffic,9,0,0.8614,900,684.78035,-30.84112,1676.292,18.6255,complete,0.310205,0.353711,,,,,,,,,
93,traffic,5,3,0.326,86,-551.22073,-57.59803,117.937,13.7136,collision,0.309297,0.15816,,,,,,,,,
94,traffic,8,0,0.5355,900,355.50671,-36.70774,945.603,10.5067,complete,0.299797,0.448755,,,,,,,,,
95,traffic,10,1,0.8445,95,-535.69657,-35.54441,104.32,10.981,collision,0.298794,0.342735,,,,,,,,,
96,traffic,4,1,0.6095,900,15.79618,-52.12874,137.675,1.5297,complete,0.289294,0.455761,,,,,,,,,
97,traffic,8,3,0.9124,109,-541.73244,-103.74156,105.833,9.7094,collision,0.288144,0.371582,,,,,,,,,
98,traffic,7,0,0.0378,900,515.16348,-51.17224,1155.721,12.8413,complete,0.278644,0.415164,,,,,,,,,
99,traffic,12,1,0.5829,900,206.34645,-4.28957,607.888,6.7543,complete,0.269144,0.379959,,,,,,,,,
100,traffic,7,2,0.4915,900,236.69766,7.66671,633.432,7.0381,complete,0.259644,0.484249,445.2081,1000.635,1.0,669.76707,1.0,519.9421,1.0,145.91514,1.0
101,traffic,6,0,0.5088,900,360.76047,52.5976,1044.599,11.6067,complete,0.250144,0.459768,,,,,,,,,
102,traffic,7,0,0.4465,900,610.03434,80.09811,1519.499,16.8833,complete,0.240644,0.336077,,,,,,,,,
103,traffic,6,3,0.1436,900,-41.7071,73.83176,128.102,1.4234,complete,0.231144,0.472178,,,,,,,,,
104,traffic,10,0,0.759,900,315.75879,118.17297,1020.436,11.3382,complete,0.221644,0.453839,,,,,,,,,
105,traffic,11,0,0.8732,375,-449.79587,73.97349,630.962,16.8257,collision,0.217686,0.346025,,,,,,,,,
106,traffic,9,3,0.3258,900,-311.29817,40.72052,64.045,0.7116,complete,0.208186,0.371679,,,,,,,,,
107,traffic,4,1,0.9117,900,-1287.42953,-19.23272,112.41,1.249,complete,0.198686,0.331061,,,,,,,,,
108,traffic,4,2,0.0903,900,-20.88821,-15.61554,62.998,0.7,complete,0.189186,0.434258,,,,,,,,,
109,traffic,12,1,0.5657,277,-565.69763,-34.56928,284.033,10.2539,collision,0.186262,0.345135,,,,,,,,,
110,traffic,6,3,0.6583,900,-47.01005,-40.97982,50.026,0.5558,complete,0.176762,0.336863,,,,,,,,,
111,traffic,8,0,0.2199,900,603.81232,-22.39098,1433.197,15.9244,complete,0.167262,0.350378,,,,,,,,,
112,traffic,8,1,0.7003,117,-486.84424,-80.97221,128.878,11.0152,collision,0.166027,0.355231,,,,,,,,,
113,traffic,13,3,0.3969,900,-33.07181,-55.06476,514.681,5.7187,complete,0.156527,0.32905,,,,,,,,,
114,traffic,12,0,0.5775,900,357.71275,-54.95446,890.005,9.8889,complete,0.147027,0.274398,,,,,,,,,
115,traffic,14,0,0.2984,900,360.30696,-10.15428,1079.0,11.9889,complete,0.137527,0.337375,,,,,,,,,
116,traffic,5,2,0.7119,900,110.23021,-5.43258,354.597,3.94,complete,0.128027,0.246195,,,,,,,,,
117,traffic,7,1,0.7047,900,349.55213,39.13165,944.5,10.4944,complete,0.118527,0.31951,,,,,,,,,
118,traffic,4,2,0.6647,900,-80.27544,9.3597,339.301,3.77,complete,0.109027,0.28032,,,,,,,,,
119,traffic,4,1,0.7306,811,-777.58848,-39.83705,237.24,2.9253,collision,0.100466,0.340206,,,,,,,,,
120,traffic,7,2,0.4273,900,37.47351,-49.79825,261.117,2.9013,complete,0.090966,0.306483,,,,,,,,,
121,traffic,5,1,0.2778,523,-941.86675,-114.92961,662.381,12.665,collision,0.085446,0.317498,,,,,,,,,
122,traffic,12,0,0.7578,900,467.27965,-122.06735,1016.301,11.2922,complete,0.075946,0.414473,,,,,,,,,
123,traffic,6,0,0.55,900,468.84378,-96.5398,1078.506,11.9834,complete,0.066446,0.364072,,,,,,,,,
124,traffic,5,2,0.7169,900,-87.205,-116.68799,217.972,2.4219,complete,0.056946,0.374229,,,,,,,,,
125,traffic,11,2,0.7002,208,-474.82548,-117.93947,105.011,5.0486,collision,0.05475,0.452696,343.49564,872.326,1.0,628.08954,1.0,471.62515,1.0,-69.22778,1.0
126,traffic,11,2,0.8304,900,-71.71523,-105.96033,64.078,0.712,complete,0.05,0.440546,,,,,,,,,
127,traffic,5,3,0.9854,900,-65.70022,-44.87386,100.121,1.1125,complete,0.05,0.397579,,,,,,,,,
128,traffic,5,0,0.5335,900,764.51873,-5.60351,1771.918,19.688,complete,0.05,0.371722,,,,,,,,,
129,traffic,10,0,0.6941,900,385.29393,41.94606,1212.327,13.4703,complete,0.05,0.304753,,,,,,,,,
130,traffic,14,2,0.3474,900,240.30765,56.31195,572.674,6.363,complete,0.05,0.393576,,,,,,,,,
131,traffic,13,1,0.3884,900,-5.19102,25.86178,129.776,1.442,complete,0.05,0.344263,,,,,,,,,
132,traffic,9,2,0.0785,900,10.58967,50.73348,130.591,1.451,complete,0.05,0.368254,,,,,,,,,
133,traffic,12,3,0.0656,900,102.53724,57.51393,308.692,3.4299,complete,0.05,0.423992,,,,,,,,,
134,traffic,6,3,0.1728,900,-23.47593,38.4545,86.743,0.9638,complete,0.05,0.41477,,,,,,,,,
135,traffic,7,2,0.2734,900,-69.68836,16.95473,104.065,1.1563,complete,0.05,0.36181,,,,,,,,,
136,traffic,13,2,0.3633,900,-58.08633,8.5389,121.187,1.3465,complete,0.05,0.402625,,,,,,,,,
137,traffic,11,2,0.3038,900,-357.45866,-26.81164,220.036,2.4448,complete,0.05,0.356404,,,,,,,,,
138,traffic,10,0,0.4421,900,374.81529,-4.0571,816.984,9.0776,complete,0.05,0.394442,,,,,,,,,
139,traffic,9,1,0.5651,900,89.88542,39.31659,380.267,4.2252,complete,0.05,0.443816,,,,,,,,,
140,traffic,13,1,0.5224,900,192.01592,47.04371,657.726,7.3081,complete,0.05,0.350295,,,,,,,,,
141,traffic,4,0,0.8123,900,624.82576,125.37834,1697.663,18.8629,complete,0.05,0.431462,,,,,,,,,
142,traffic,13,2,0.5635,900,48.6082,104.44477,263.887,2.9321,complete,0.05,0.347533,,,,,,,,,
143,traffic,12,2,0.2492,900,-154.23292,73.29093,68.641,0.7627,complete,0.05,0.320731,,,,,,,,,
144,traffic,10,1,0.5233,900,104.70546,82.88646,306.285,3.4032,complete,0.05,0.391041,,,,,,,,,
145,traffic,5,0,0.5356,900,453.95651,129.32555,1042.69,11.5854,complete,0.05,0.347174,,,,,,,,,
146,traffic,13,1,0.3766,900,126.27141,139.22489,484.746,5.3861,complete,0.05,0.369788,,,,,,,,,
147,traffic,13,2,0.4088,900,-90.94525,137.96264,125.227,1.3914,complete,0.05,0.380692,,,,,,,,,
148,traffic,4,1,0.7888,900,318.58729,115.66606,878.309,9.759,complete,0.05,0.367478,,,,,,,,,
149,traffic,9,3,0.8635,900,-209.12911,85.94491,32.599,0.3622,complete,0.05,0.385525,,,,,,,,,
150,traffic,9,0,0.6841,900,385.02004,93.18053,899.442,9.9938,complete,0.05,0.369118,363.64583,918.295,1.0,527.37468,1.0,435.13911,1.0,128.42371,1.0
151,traffic,11,2,0.2912,900,209.24438,103.9023,768.25,8.5361,complete,0.05,0.383478,,,,,,,,,
152,traffic,8,0,0.4067,900,460.88441,126.41704,1040.638,11.5626,complete,0.05,0.399407,,,,,,,,,
153,traffic,12,2,0.4032,900,-23.65259,120.10755,68.143,0.7571,complete,0.05,0.364777,,,,,,,,,
154,traffic,13,3,0.4209,900,-318.94955,105.33387,466.98,5.1887,complete,0.05,0.401508,,,,,,,,,
155,traffic,12,2,0.7731,900,-1.66064,108.73525,214.232,2.3804,complete,0.05,0.366743,,,,,,,,,
156,traffic,11,2,0.64,900,-137.29458,104.77484,57.823,0.6425,complete,0.05,0.358657,,,,,,,,,
157,traffic,11,1,0.7872,900,68.66363,126.08095,265.067,2.9452,complete,0.05,0.38354,,,,,,,,,
158,traffic,5,1,0.2448,900,196.05514,117.14295,782.55,8.695,complete,0.05,0.367531,,,,,,,,,
159,traffic,8,2,0.2332,900,-90.67815,108.11477,146.552,1.6284,complete,0.05,0.390127,,,,,,,,,
160,traffic,13,1,0.8334,900,104.22328,103.72514,370.634,4.1182,complete,0.05,0.410535,,,,,,,,,
161,traffic,11,0,0.4693,900,284.4485,86.70627,1097.906,12.199,complete,0.05,0.368556,,,,,,,,,
162,traffic,11,1,0.8957,900,15.03121,85.02742,218.764,2.4307,complete,0.05,0.378217,,,,,,,,,
163,traffic,8,0,0.3624,900,240.06143,104.74214,1063.957,11.8217,complete,0.05,0.377598,,,,,,,,,
164,traffic,8,2,0.6955,900,-53.80363,96.81669,65.919,0.7324,complete,0.05,0.380776,,,,,,,,,
165,traffic,5,2,0.4068,900,-173.30681,65.45352,41.481,0.4609,complete,0.05,0.366411,,,,,,,,,
166,traffic,10,0,0.3324,900,345.80099,76.43,874.705,9.7189,complete,0.05,0.331381,,,,,,,,,
167,traffic,13,1,0.2618,900,-63.52719,77.8009,91.063,1.0118,complete,0.05,0.339768,,,,,,,,,
168,traffic,7,2,0.2247,900,2.53173,61.99812,274.436,3.0493,complete,0.05,0.378008,,,,,,,,,
169,traffic,7,1,0.2868,900,-4.05675,72.25174,361.347,4.015,complete,0.05,0.354584,,,,,,,,,
170,traffic,10,0,0.2191,900,216.57714,63.8296,935.37,10.393,complete,0.05,0.356015,,,,,,,,,
171,traffic,10,3,0.5616,139,-502.67059,28.23385,70.951,5.1044,collision,0.05,0.379821,,,,,,,,,
172,traffic,10,0,0.6812,900,17.40792,6.06002,856.998,9.5222,complete,0.05,0.384969,,,,,,,,,
173,traffic,11,1,0.5396,900,315.68966,23.02714,913.529,10.1503,complete,0.05,0.385622,,,,,,,,,
174,traffic,13,0,0.5247,900,105.50604,44.24992,912.964,10.144,complete,0.05,0.35472,,,,,,,,,
175,traffic,14,0,0.0186,900,450.01484,66.83369,1046.305,11.6256,complete,0.05,0.37063,207.64834,761.686,1.0,327.78565,1.0,322.52642,1.0,-27.36706,1.0
176,traffic,7,1,0.432,900,58.99082,76.64796,351.773,3.9086,complete,0.05,0.384724,,,,,,,,,
177,traffic,8,2,0.5769,900,25.82938,74.50625,123.33,1.3703,complete,0.05,0.3581,,,,,,,,,
178,traffic,4,2,0.9112,900,-402.79164,44.56391,19.136,0.2126,complete,0.05,0.342669,,,,,,,,,
179,traffic,13,2,0.2984,900,148.7596,56.5358,689.86,7.6651,complete,0.05,0.354153,,,,,,,,,
180,traffic,9,2,0.2794,900,-131.6081,44.74423,87.065,0.9674,complete,0.05,0.332412,,,,,,,,,
181,traffic,6,0,0.9819,900,485.66738,54.80517,1169.778,12.9975,complete,0.05,0.313821,,,,,,,,,
182,traffic,9,2,0.9796,900,-82.0428,49.95147,33.302,0.37,complete,0.05,0.352932,,,,,,,,,
183,traffic,10,1,0.4176,900,9.72167,38.43448,92.566,1.0285,complete,0.05,0.32453,,,,,,,,,
184,traffic,7,1,0.6698,900,-62.93137,37.9781,109.736,1.2193,complete,0.05,0.343813,,,,,,,,,
185,traffic,11,0,0.999,900,450.29398,69.15814,1449.718,16.108,complete,0.05,0.32285,,,,,,,,,
186,traffic,5,2,0.8704,900,-5.56965,51.5896,85.804,0.9534,complete,0.05,0.353192,,,,,,,,,
187,traffic,8,1,0.6038,900,51.32499,57.33221,309.791,3.4421,complete,0.05,0.316334,,,,,,,,,
188,traffic,13,3,0.147,900,-65.06394,53.95243,39.94,0.4438,complete,0.05,0.335165,,,,,,,,,
189,traffic,10,1,0.225,900,173.29451,62.81999,626.506,6.9612,complete,0.05,0.308128,,,,,,,,,
190,traffic,4,2,0.6864,392,-579.72242,23.00502,257.592,6.5712,collision,0.05,0.321263,,,,,,,,,
191,traffic,13,2,0.3604,900,117.04566,53.99083,440.928,4.8992,complete,0.05,0.365495,,,,,,,,,
192,traffic,12,3,0.4264,116,-620.80488,22.08019,84.839,7.3137,collision,0.05,0.361654,,,,,,,,,
193,traffic,6,0,0.1657,900,521.07468,32.34944,1323.028,14.7003,complete,0.05,0.359816,,,,,,,,,
194,traffic,9,3,0.3325,900,-173.24544,18.41187,84.692,0.941,complete,0.05,0.336804,,,,,,,,,
195,traffic,8,2,0.7795,900,363.27848,14.07505,1060.534,11.7837,complete,0.05,0.329877,,,,,,,,,
196,traffic,10,1,0.9936,900,-98.58581,6.19622,71.147,0.7905,complete,0.05,0.370361,,,,,,,,,
197,traffic,8,3,0.608,41,-536.97217,-21.94386,56.055,13.6719,collision,0.05,0.328567,,,,,,,,,
198,traffic,11,1,0.7569,900,-152.48205,-9.42838,267.299,2.97,complete,0.05,0.376341,,,,,,,,,
199,traffic,12,1,0.9001,900,117.87666,-10.97253,390.918,4.3435,complete,0.05,0.385085,,,,,,,,,
200,traffic,8,1,0.5407,900,26.59139,-3.06256,331.28,3.6809,complete,0.05,0.3684,303.89927,901.504,0.8889,587.56451,1.0,425.26983,1.0,-101.13653,0.6667
