episode,scenario,steps,return,rolling_return_20,distance_m,mean_speed_mps,outcome,epsilon,mean_loss,eval_return,eval_distance_m,eval_safe_rate
1,lane,900,63.07966,63.07966,210.139,2.3349,complete,0.9905,0.621669,,,
2,lane,279,-423.75611,-180.33823,110.188,3.9494,off_road,0.987555,0.805692,,,
3,lane,889,-672.67951,-344.45199,177.037,1.9914,off_road,0.978171,0.401559,,,
4,lane,900,-485.48885,-379.7112,109.501,1.2167,complete,0.968671,0.304139,,,
5,lane,900,-102.69201,-324.30736,132.983,1.4776,complete,0.959171,0.1366,,,
6,lane,900,-42.48159,-277.3364,183.668,2.0408,complete,0.949671,0.109851,,,
7,lane,900,-189.32852,-264.76385,110.825,1.2314,complete,0.940171,0.143945,,,
8,lane,900,-84.5872,-242.24177,150.97,1.6774,complete,0.930671,0.107454,,,
9,lane,619,-379.42589,-257.48445,102.145,1.6502,off_road,0.924137,0.109968,,,
10,lane,900,-210.57591,-252.79359,235.226,2.6136,complete,0.914637,0.143941,,,
11,lane,319,-446.66684,-270.41843,98.894,3.1001,off_road,0.91127,0.056605,,,
12,lane,900,-28.83785,-250.28672,228.939,2.5438,complete,0.90177,0.149168,,,
13,lane,881,-620.47755,-278.76294,140.706,1.5971,off_road,0.892471,0.189088,,,
14,lane,900,46.76564,-255.5109,331.941,3.6882,complete,0.882971,0.192878,,,
15,lane,900,-0.52871,-238.51208,334.752,3.7195,complete,0.873471,0.12088,,,
16,lane,900,29.84073,-221.74003,188.338,2.0926,complete,0.863971,0.126869,,,
17,lane,900,138.87775,-200.52722,474.495,5.2722,complete,0.854471,0.114532,,,
18,lane,900,-68.11814,-193.17116,281.866,3.1318,complete,0.844971,0.078363,,,
19,lane,900,64.61748,-179.60334,417.152,4.635,complete,0.835471,0.121678,,,
20,lane,726,-434.28058,-192.3372,350.802,4.832,off_road,0.827807,0.110999,,,
21,lane,798,-191.91834,-205.0871,633.206,7.9349,off_road,0.819384,0.129361,,,
22,lane,900,-125.12838,-190.15571,422.205,4.6912,complete,0.809884,0.145028,,,
23,lane,900,537.45432,-129.64902,1197.933,13.3104,complete,0.800384,0.15828,,,
24,lane,900,195.37264,-95.60595,627.524,6.9725,complete,0.790884,0.123082,,,
25,lane,900,276.97134,-76.62278,718.965,7.9885,complete,0.781384,0.134865,222.21862,924.608,0.6667
26,lane,900,611.67209,-43.9151,1501.807,16.6867,complete,0.771884,0.087333,,,
27,lane,900,618.92237,-3.50255,1422.163,15.8018,complete,0.762384,0.114408,,,
28,lane,900,275.9502,14.52432,622.096,6.9122,complete,0.752884,0.105814,,,
29,lane,900,387.32931,52.86208,985.983,10.9554,complete,0.743384,0.104076,,,
30,lane,900,514.04473,89.09311,1281.988,14.2443,complete,0.733884,0.112591,,,
31,lane,900,703.48983,146.60095,2046.885,22.7432,complete,0.724384,0.141784,,,
32,lane,900,908.93009,193.48934,2203.961,24.4885,complete,0.714884,0.095036,,,
33,lane,900,418.15542,245.42099,966.911,10.7435,complete,0.705384,0.137751,,,
34,lane,900,942.09205,290.18731,2224.259,24.714,complete,0.695884,0.12752,,,
35,lane,900,758.59573,328.14353,2247.741,24.9749,complete,0.686384,0.128824,,,
36,lane,900,803.16437,366.80972,1981.229,22.0137,complete,0.676884,0.065035,,,
37,lane,900,961.61045,407.94635,2297.529,25.5281,complete,0.667384,0.213921,,,
38,lane,900,923.87151,457.54583,2283.879,25.3764,complete,0.657884,0.108639,,,
39,lane,900,848.94263,496.76209,2043.777,22.7086,complete,0.648384,0.11597,,,
40,lane,900,918.69123,564.41068,2286.515,25.4057,complete,0.638884,0.079123,,,
41,lane,900,989.75106,623.49415,2348.481,26.0942,complete,0.629384,0.127141,,,
42,lane,900,983.84314,678.94273,2351.004,26.1223,complete,0.619884,0.072798,,,
43,lane,900,1012.11264,702.67564,2404.4,26.7156,complete,0.610384,0.072189,,,
44,lane,900,1026.20255,744.21714,2450.877,27.232,complete,0.600884,0.076184,,,
45,lane,900,1044.00407,782.56877,2492.983,27.6998,complete,0.591384,0.078581,,,
46,lane,900,1048.28805,804.39957,2506.958,27.8551,complete,0.581884,0.096547,,,
47,lane,900,1008.1284,823.85987,2406.092,26.7344,complete,0.572384,0.082599,,,
48,lane,900,1006.7107,860.3979,2384.222,26.4914,complete,0.562884,0.123786,,,
49,lane,900,1054.71321,893.76709,2512.303,27.9145,complete,0.553384,0.098524,,,
50,lane,900,1052.7176,920.70074,2500.195,27.7799,complete,0.543884,0.089656,-465.421,213.558,0.0
51,lane,900,1027.40084,936.89629,2436.959,27.0773,complete,0.534384,0.07941,,,
52,lane,900,1053.76736,944.13815,2519.895,27.9988,complete,0.524884,0.086907,,,
53,lane,900,1016.48549,974.05465,2448.917,27.2102,complete,0.515384,0.128846,,,
54,lane,900,1060.70435,979.98527,2523.267,28.0363,complete,0.505884,0.096593,,,
55,lane,900,1044.49641,994.2803,2465.984,27.3998,complete,0.496384,0.10116,,,
56,lane,900,1071.73933,1007.70905,2558.238,28.4249,complete,0.486884,0.067955,,,
57,lane,900,1074.97053,1013.37706,2547.639,28.3071,complete,0.477384,0.080944,,,
58,lane,900,1061.82228,1020.27459,2534.21,28.1579,complete,0.467884,0.10593,,,
59,lane,900,1071.40628,1031.39778,2542.571,28.2508,complete,0.458384,0.098675,,,
60,lane,900,1088.92371,1039.9094,2576.283,28.6254,complete,0.448884,0.16885,,,
61,lane,900,1073.29086,1044.08639,2547.735,28.3082,complete,0.439384,0.096649,,,
62,lane,900,1085.89659,1049.18906,2578.157,28.6462,complete,0.429884,0.084096,,,
63,lane,900,1097.39868,1053.45337,2596.593,28.851,complete,0.420384,0.075393,,,
64,lane,900,1059.07527,1055.097,2600.586,28.8954,complete,0.410884,0.075683,,,
65,lane,900,1083.18918,1057.05626,2583.928,28.7103,complete,0.401384,0.08967,,,
66,lane,900,1090.42936,1059.16332,2585.879,28.732,complete,0.391884,0.096872,,,
67,lane,900,1082.56131,1062.88497,2565.003,28.5,complete,0.382384,0.108437,,,
68,lane,900,1069.51025,1066.02495,2556.766,28.4085,complete,0.372884,0.069865,,,
69,lane,900,1084.51185,1067.51488,2584.34,28.7149,complete,0.363384,0.08222,,,
70,lane,900,1093.164,1069.5372,2600.598,28.8955,complete,0.353884,0.095586,,,
71,lane,900,1097.39403,1073.03686,2599.554,28.8839,complete,0.344384,0.071131,,,
72,lane,900,1104.32847,1075.56491,2606.946,28.9661,complete,0.334884,0.091414,,,
73,lane,900,1103.63446,1079.92236,2600.071,28.8897,complete,0.325384,0.084887,,,
74,lane,900,1100.04498,1081.88939,2597.505,28.8612,complete,0.315884,0.053255,,,
75,lane,900,1086.35459,1083.9823,2560.135,28.4459,complete,0.306384,0.070141,-503.00227,202.125,0.0
76,lane,900,1091.16909,1084.95379,2571.075,28.5675,complete,0.296884,0.084454,,,
77,lane,900,1097.56478,1086.0835,2588.32,28.7591,complete,0.287384,0.094836,,,
78,lane,900,1097.08753,1087.84676,2588.466,28.7607,complete,0.277884,0.076209,,,
79,lane,900,1110.73028,1089.81296,2622.92,29.1436,complete,0.268384,0.108441,,,
80,lane,900,1108.01445,1090.7675,2610.394,29.0044,complete,0.258884,0.080395,,,
81,lane,900,1110.34164,1092.62004,2618.589,29.0954,complete,0.249384,0.091253,,,
82,lane,900,1107.81543,1093.71598,2622.933,29.1437,complete,0.239884,0.08278,,,
83,lane,900,1093.53116,1093.52261,2595.961,28.844,complete,0.230384,0.105176,,,
84,lane,900,1104.83693,1095.81069,2616.14,29.0682,complete,0.220884,0.114237,,,
85,lane,900,1108.24865,1097.06366,2620.116,29.1124,complete,0.211384,0.089477,,,
86,lane,900,1107.57128,1097.92076,2629.537,29.2171,complete,0.201884,0.090965,,,
87,lane,900,1109.09186,1099.24729,2621.707,29.1301,complete,0.192384,0.088351,,,
88,lane,900,1111.98458,1101.371,2636.638,29.296,complete,0.182884,0.106482,,,
89,lane,900,1112.67143,1102.77898,2635.903,29.2878,complete,0.173384,0.101553,,,
90,lane,900,1103.0903,1103.2753,2620.544,29.1172,complete,0.163884,0.10135,,,
91,lane,900,1110.19029,1103.91511,2627.794,29.1977,complete,0.154384,0.094293,,,
92,lane,900,1098.26427,1103.6119,2631.648,29.2405,complete,0.144884,0.080224,,,
93,lane,900,1112.89209,1104.07478,2632.744,29.2527,complete,0.135384,0.099436,,,
94,lane,900,1113.47859,1104.74646,2630.982,29.2331,complete,0.125884,0.115847,,,
95,lane,900,1118.50969,1106.35422,2634.323,29.2703,complete,0.116384,0.115275,,,
96,lane,900,1119.59923,1107.77572,2634.08,29.2676,complete,0.106884,0.087264,,,
97,lane,900,1121.78455,1108.98671,2642.152,29.3572,complete,0.097384,0.092785,,,
98,lane,900,1117.46406,1110.00554,2633.852,29.265,complete,0.087884,0.124283,,,
99,lane,900,1120.45449,1110.49175,2639.591,29.3288,complete,0.078384,0.081346,,,
100,lane,900,1120.46712,1111.11438,2644.001,29.3778,complete,0.068884,0.085214,-388.72561,536.078,0.0
101,lane,900,1120.06979,1111.60079,2641.933,29.3548,complete,0.059384,0.112187,,,
102,lane,900,1123.80095,1112.40007,2645.11,29.3901,complete,0.05,0.09853,,,
103,lane,900,1119.40506,1113.69376,2633.701,29.2633,complete,0.05,0.125428,,,
104,lane,900,1120.0941,1114.45662,2641.357,29.3484,complete,0.05,0.105896,,,
105,lane,900,1122.68619,1115.1785,2645.071,29.3897,complete,0.05,0.073428,,,
106,lane,900,1120.81158,1115.84051,2641.05,29.345,complete,0.05,0.109727,,,
107,lane,900,1115.347,1116.15327,2639.042,29.3227,complete,0.05,0.110389,,,
108,lane,900,1120.814,1116.59474,2639.145,29.3238,complete,0.05,0.107527,,,
109,lane,900,1115.50546,1116.73644,2635.604,29.2845,complete,0.05,0.086618,,,
110,lane,900,1123.22056,1117.74295,2640.863,29.3429,complete,0.05,0.097808,,,
111,lane,900,1126.37083,1118.55198,2645.774,29.3975,complete,0.05,0.117171,,,
112,lane,900,1119.64833,1119.62118,2641.452,29.3495,complete,0.05,0.120961,,,
113,lane,900,1122.11787,1120.08247,2643.465,29.3718,complete,0.05,0.115916,,,
114,lane,900,1116.54122,1120.2356,2641.36,29.3484,complete,0.05,0.09257,,,
115,lane,900,1124.26941,1120.52359,2639.883,29.332,complete,0.05,0.098172,,,
116,lane,900,1124.87146,1120.7872,2641.373,29.3486,complete,0.05,0.104748,,,
117,lane,900,1122.97405,1120.84668,2639.683,29.3298,complete,0.05,0.119328,,,
118,lane,900,1119.71449,1120.9592,2644.626,29.3847,complete,0.05,0.129557,,,
119,lane,900,1118.35359,1120.85415,2645.722,29.3969,complete,0.05,0.085434,,,
120,lane,900,1114.19484,1120.54054,2642.477,29.3609,complete,0.05,0.079127,,,
121,lane,900,1108.26247,1119.95017,2636.745,29.2972,complete,0.05,0.099837,,,
122,lane,900,1117.45105,1119.63268,2637.402,29.3045,complete,0.05,0.115563,,,
123,lane,900,1117.19913,1119.52238,2638.864,29.3207,complete,0.05,0.093474,,,
124,lane,900,1117.90527,1119.41294,2635.474,29.283,complete,0.05,0.105396,,,
125,lane,900,1124.44294,1119.50078,2642.565,29.3618,complete,0.05,0.102446,-399.23774,702.472,0.0
126,lane,900,1118.60442,1119.39042,2632.398,29.2489,complete,0.05,0.100026,,,
127,lane,900,1122.73241,1119.75969,2638.979,29.322,complete,0.05,0.106704,,,
128,lane,900,1126.38163,1120.03807,2640.524,29.3392,complete,0.05,0.081601,,,
129,lane,900,1121.03668,1120.31463,2632.31,29.2479,complete,0.05,0.122286,,,
130,lane,900,1126.22888,1120.46505,2641.928,29.3548,complete,0.05,0.134661,,,
131,lane,900,1125.36192,1120.4146,2644.724,29.3858,complete,0.05,0.081812,,,
132,lane,900,1121.68327,1120.51635,2638.88,29.3209,complete,0.05,0.106977,,,
133,lane,900,1126.8725,1120.75408,2645.038,29.3893,complete,0.05,0.108742,,,
134,lane,900,1122.83276,1121.06866,2639.788,29.331,complete,0.05,0.106908,,,
135,lane,900,1124.49057,1121.07972,2639.104,29.3234,complete,0.05,0.130318,,,
136,lane,900,1124.83265,1121.07778,2642.242,29.3582,complete,0.05,0.094066,,,
137,lane,900,1114.19564,1120.63886,2628.67,29.2074,complete,0.05,0.149312,,,
138,lane,900,1115.72357,1120.43931,2637.154,29.3017,complete,0.05,0.106463,,,
139,lane,900,1126.71824,1120.85754,2642.483,29.3609,complete,0.05,0.117767,,,
140,lane,900,1121.607,1121.22815,2640.859,29.3429,complete,0.05,0.098575,,,
141,lane,900,1126.13075,1122.12156,2644.392,29.3821,complete,0.05,0.142711,,,
142,lane,900,1121.83,1122.34051,2633.625,29.2625,complete,0.05,0.122469,,,
143,lane,900,1120.37061,1122.49909,2638.269,29.3141,complete,0.05,0.104818,,,
144,lane,900,1115.93033,1122.40034,2629.72,29.2191,complete,0.05,0.120196,,,
145,lane,900,1115.21319,1121.93885,2639.952,29.3328,complete,0.05,0.111409,,,
146,lane,900,1114.25912,1121.72159,2641.093,29.3455,complete,0.05,0.141865,,,
147,lane,900,1115.03174,1121.33655,2627.168,29.1908,complete,0.05,0.100162,,,
148,lane,900,1116.66759,1120.85085,2634.424,29.2714,complete,0.05,0.104335,,,
149,lane,900,1117.44501,1120.67127,2639.839,29.3315,complete,0.05,0.132284,,,
150,lane,900,1121.28786,1120.42422,2643.125,29.3681,complete,0.05,0.089208,-483.0232,326.792,0.0
151,light_traffic,120,-448.74303,1041.71897,280.406,23.3672,collision,0.05,0.124507,,,
152,light_traffic,237,-346.09173,968.33022,613.71,25.895,collision,0.05,0.101826,,,
153,light_traffic,192,-372.29649,893.37177,474.797,24.729,collision,0.05,0.107568,,,
154,light_traffic,55,-512.90067,811.5851,106.008,19.2742,collision,0.05,0.27692,,,
155,light_traffic,121,-433.34556,733.69329,307.471,25.4108,collision,0.05,0.179595,,,
156,light_traffic,45,-520.69879,651.41672,80.011,17.7802,collision,0.05,0.152007,,,
157,light_traffic,87,-453.36467,573.0387,189.419,21.7723,collision,0.05,0.265081,,,
158,light_traffic,449,-89.30341,512.78735,1271.65,28.3218,collision,0.05,0.281448,,,
159,light_traffic,113,-450.45822,433.92853,274.699,24.3096,collision,0.05,0.167791,,,
160,light_traffic,81,-516.26437,352.03496,173.311,21.3964,collision,0.05,0.157729,,,
161,light_traffic,37,-528.49258,269.3038,63.108,17.0563,collision,0.05,0.103738,,,
162,light_traffic,227,-343.9372,196.01544,608.099,26.7885,collision,0.05,0.253749,,,
163,light_traffic,127,-373.29657,121.33208,317.788,25.0227,collision,0.05,0.328078,,,
164,light_traffic,84,-421.32343,44.46939,187.559,22.3285,collision,0.05,0.434805,,,
165,light_traffic,122,-433.34059,-32.9583,292.315,23.9602,collision,0.05,0.188363,,,
166,light_traffic,60,-501.27823,-113.73517,123.084,20.514,collision,0.05,0.124404,,,
167,light_traffic,90,-494.86579,-194.23004,208.494,23.166,collision,0.05,0.243956,,,
168,light_traffic,169,-386.33129,-269.37999,453.074,26.8091,collision,0.05,0.290405,,,
169,light_traffic,152,-435.79602,-347.04204,396.636,26.0945,collision,0.05,0.346787,,,
170,light_traffic,141,-361.849,-421.19888,348.334,24.7045,collision,0.05,0.41927,,,
171,light_traffic,139,-424.42326,-419.98289,324.064,23.314,collision,0.05,0.46278,,,
172,light_traffic,205,-296.7871,-417.51766,544.475,26.5598,collision,0.05,0.482404,,,
173,light_traffic,61,-503.87952,-424.09681,123.353,20.2218,collision,0.05,0.326383,,,
174,light_traffic,222,-324.12497,-414.65803,575.247,25.912,collision,0.05,0.471666,,,
175,light_traffic,33,-529.29489,-419.45549,55.375,16.7802,collision,0.05,0.572034,-471.51887,245.534,0.0
176,light_traffic,67,-502.74043,-418.55758,146.083,21.8034,collision,0.05,0.434199,,,
177,light_traffic,392,-111.88563,-401.48362,1018.603,25.9848,collision,0.05,0.431059,,,
178,light_traffic,118,-457.95635,-419.91627,267.767,22.6921,collision,0.05,0.275096,,,
179,light_traffic,51,-510.9316,-422.93994,98.873,19.3868,collision,0.05,0.945824,,,
180,light_traffic,111,-461.122,-420.18282,274.697,24.7474,collision,0.05,0.251566,,,
181,light_traffic,139,-424.42794,-414.97959,321.741,23.1468,collision,0.05,0.761316,,,
182,light_traffic,388,-170.4698,-406.30622,1086.65,28.0065,collision,0.05,0.619319,,,
183,light_traffic,119,-447.55768,-410.01928,297.972,25.0397,collision,0.05,0.36087,,,
184,light_traffic,155,-454.46865,-411.67654,343.967,22.1914,collision,0.05,0.707712,,,
185,light_traffic,251,-321.41866,-406.08044,598.352,23.8387,collision,0.05,0.425994,,,
186,light_traffic,101,-512.31659,-406.63236,209.379,20.7306,collision,0.05,1.061057,,,
187,light_traffic,507,-55.97767,-384.68795,1334.106,26.3137,collision,0.05,0.501482,,,
188,light_traffic,218,-356.58742,-383.20076,557.966,25.5948,collision,0.05,0.413365,,,
189,light_traffic,153,-413.32717,-382.07732,332.255,21.716,collision,0.05,0.706635,,,
190,light_traffic,900,825.61937,-322.7039,2337.728,25.9748,complete,0.05,0.508191,,,
191,light_traffic,900,901.60059,-256.4027,2326.842,25.8538,complete,0.05,0.562872,,,
192,light_traffic,113,-439.65386,-263.54604,252.387,22.3351,collision,0.05,0.348689,,,
193,light_traffic,82,-500.62625,-263.38338,161.22,19.661,collision,0.05,0.386673,,,
194,light_traffic,595,-14.02877,-247.87857,1643.139,27.6158,collision,0.05,0.693923,,,
195,light_traffic,366,-215.64869,-232.19626,1027.821,28.0826,collision,0.05,0.654888,,,
196,light_traffic,99,-474.94623,-230.80655,211.459,21.3595,collision,0.05,0.643155,,,
197,light_traffic,101,-489.26777,-249.67566,215.745,21.3609,collision,0.05,0.518897,,,
198,light_traffic,900,890.31303,-182.26219,2044.531,22.717,complete,0.05,0.666732,,,
199,light_traffic,365,-264.82233,-169.95672,945.847,25.9136,collision,0.05,0.56963,,,
200,light_traffic,900,753.5666,-109.22229,2160.752,24.0084,complete,0.05,0.811926,-335.30918,913.897,0.0
201,light_traffic,199,-374.38004,-106.7199,531.637,26.7154,collision,0.05,0.872723,,,
202,light_traffic,894,-280.2501,-112.20891,1758.742,19.6727,collision,0.05,0.617122,,,
203,light_traffic,900,964.61441,-41.60031,2240.11,24.8901,complete,0.05,0.639662,,,
204,light_traffic,746,-287.72389,-33.26307,1410.45,18.9068,collision,0.05,0.649337,,,
205,light_traffic,900,902.62551,27.93914,2282.16,25.3573,complete,0.05,0.715677,,,
206,light_traffic,900,335.23148,70.31654,1904.732,21.1637,complete,0.05,0.729585,,,
207,light_traffic,683,13.06179,73.76851,1557.22,22.7997,collision,0.05,0.638765,,,
208,light_traffic,114,-418.10886,70.69244,218.749,19.1885,collision,0.05,0.64819,,,
209,light_traffic,715,-151.39717,83.78894,1496.72,20.9331,collision,0.05,0.779077,,,
210,light_traffic,90,-541.95705,15.41012,152.325,16.925,collision,0.05,0.653697,,,
211,light_traffic,900,746.24607,7.64239,2118.31,23.5368,complete,0.05,0.832159,,,
212,light_traffic,289,-437.83698,7.73324,575.1,19.8997,collision,0.05,0.82171,,,
213,light_traffic,832,-268.77237,19.32593,1390.222,16.7094,collision,0.05,0.739786,,,
214,light_traffic,900,584.52036,49.25339,2012.384,22.3598,complete,0.05,0.704699,,,
215,light_traffic,609,-341.15037,42.9783,1289.376,21.172,collision,0.05,0.878381,,,
216,light_traffic,581,-403.00237,46.5755,982.064,16.903,collision,0.05,0.868898,,,
217,light_traffic,900,262.16011,84.14689,1659.314,18.4368,complete,0.05,0.78939,,,
218,light_traffic,900,583.95998,68.82924,1614.661,17.9407,complete,0.05,0.75463,,,
219,light_traffic,900,124.32366,88.28654,949.903,10.5545,complete,0.05,0.828901,,,
220,light_traffic,900,553.23632,78.27002,1227.391,13.6377,complete,0.05,0.947738,,,
221,light_traffic,890,128.05132,103.39159,1489.458,16.7355,collision,0.05,0.906583,,,
222,light_traffic,900,642.66586,149.53739,1462.77,16.253,complete,0.05,0.774481,,,
223,light_traffic,900,620.20876,132.31711,1452.856,16.1428,complete,0.05,0.847286,,,
224,light_traffic,900,530.79367,173.24299,1140.24,12.6693,complete,0.05,1.015233,,,
225,light_traffic,900,663.54471,161.28895,1629.684,18.1076,complete,0.05,0.903124,526.88602,1314.411,1.0
226,light_traffic,900,442.09835,166.63229,938.905,10.4323,complete,0.05,0.717246,,,
227,light_traffic,900,643.25651,198.14203,1403.721,15.5969,complete,0.05,0.875541,,,
228,light_traffic,900,628.40148,250.46754,1517.183,16.8576,complete,0.05,0.710402,,,
229,light_traffic,900,719.3015,294.00248,1615.446,17.9494,complete,0.05,0.89569,,,
230,light_traffic,900,641.7318,353.18692,1600.55,17.7839,complete,0.05,0.838207,,,
231,light_traffic,900,483.7999,340.06461,1018.631,11.3181,complete,0.05,0.80941,,,
232,light_traffic,900,622.44881,393.0789,1389.424,15.438,complete,0.05,0.744885,,,
233,light_traffic,900,882.14914,450.62498,2206.612,24.5179,complete,0.05,0.786681,,,
234,light_traffic,900,628.95194,452.84656,1984.037,22.0449,complete,0.05,0.764012,,,
235,light_traffic,900,787.17353,509.26275,1870.876,20.7875,complete,0.05,0.79572,,,
236,light_traffic,900,576.41152,558.23344,1312.9,14.5878,complete,0.05,0.682655,,,
237,light_traffic,900,460.92639,568.17176,973.764,10.8196,complete,0.05,0.845577,,,
238,light_traffic,900,783.81671,578.16459,1966.868,21.8541,complete,0.05,0.858658,,,
239,light_traffic,900,788.77441,611.38713,1909.419,21.2158,complete,0.05,0.986136,,,
240,light_traffic,900,577.71059,612.61085,1248.444,13.8716,complete,0.05,0.795529,,,
241,light_traffic,900,422.262,627.32138,876.814,9.7424,complete,0.05,0.829627,,,
242,light_traffic,900,456.84201,618.03019,999.08,11.1009,complete,0.05,0.821471,,,
243,light_traffic,900,489.78759,611.50913,1234.001,13.7111,complete,0.05,0.815014,,,
244,light_traffic,900,594.46883,614.69289,1397.2,15.5244,complete,0.05,0.85858,,,
245,light_traffic,900,463.24443,604.67787,976.597,10.8511,complete,0.05,0.839431,,,
246,light_traffic,900,921.5886,628.65239,2268.229,25.2025,complete,0.05,0.871586,,,
247,light_traffic,900,478.57534,620.41833,1009.898,11.2211,complete,0.05,0.826137,,,
248,light_traffic,900,845.3478,631.26564,1967.362,21.8596,complete,0.05,0.805632,,,
249,light_traffic,900,443.44726,617.47293,922.126,10.2458,complete,0.05,0.876524,,,
250,light_traffic,900,449.72655,607.87267,1041.991,11.5777,complete,0.05,0.780861,540.43976,1141.469,1.0
251,light_traffic,900,762.71131,621.81824,1775.631,19.7292,complete,0.05,0.688581,,,
252,light_traffic,900,566.85433,619.03851,1260.345,14.0038,complete,0.05,0.594097,,,
253,light_traffic,900,846.27101,617.24461,1959.88,21.7764,complete,0.05,0.512491,,,
254,light_traffic,900,717.03714,621.64887,1652.342,18.3594,complete,0.05,0.514757,,,
255,light_traffic,900,905.77072,627.57873,2078.474,23.0942,complete,0.05,0.464355,,,
256,light_traffic,900,787.64908,638.14061,1816.027,20.1781,complete,0.05,0.421553,,,
257,light_traffic,900,601.78094,645.18333,1404.482,15.6054,complete,0.05,0.407136,,,
258,light_traffic,900,772.33194,644.60909,1746.724,19.408,complete,0.05,0.348625,,,
259,light_traffic,170,-350.90738,587.62501,434.503,25.559,collision,0.05,0.353916,,,
260,light_traffic,900,497.76308,583.62763,1087.921,12.088,complete,0.05,0.488374,,,
261,light_traffic,900,453.28005,585.17853,937.152,10.4128,complete,0.05,0.403342,,,
262,light_traffic,900,544.43902,589.55838,1232.899,13.6989,complete,0.05,0.324627,,,
263,light_traffic,900,767.69947,603.45398,1768.306,19.6478,complete,0.05,0.339499,,,
264,light_traffic,900,614.81105,604.47109,1364.376,15.1597,complete,0.05,0.353542,,,
265,light_traffic,900,491.20569,605.86915,1032.568,11.473,complete,0.05,0.342575,,,
266,light_traffic,900,818.19939,600.69969,2000.302,22.2256,complete,0.05,0.323949,,,
267,light_traffic,900,677.51313,610.64658,1756.593,19.5177,complete,0.05,0.311665,,,
268,light_traffic,900,712.21666,603.99002,1616.717,17.9635,complete,0.05,0.266209,,,
269,light_traffic,900,743.0972,618.97252,2072.65,23.0294,complete,0.05,0.242286,,,
270,light_traffic,900,992.06896,646.08964,2455.27,27.2808,complete,0.05,0.254758,,,
271,light_traffic,900,459.38751,630.92345,1096.041,12.1782,complete,0.05,0.267818,,,
272,light_traffic,900,594.7447,632.31797,1384.937,15.3882,complete,0.05,0.212591,,,
273,light_traffic,900,664.66859,623.23785,1680.704,18.6745,complete,0.05,0.243309,,,
274,light_traffic,900,639.03165,619.33757,1483.153,16.4795,complete,0.05,0.208496,,,
275,light_traffic,900,503.33668,599.21587,1248.227,13.8692,complete,0.05,0.229017,414.58329,1086.709,1.0
276,light_traffic,900,427.80596,581.22371,1095.25,12.1694,complete,0.05,0.18414,,,
277,light_traffic,189,-317.48555,535.26039,445.796,23.5871,collision,0.05,0.148973,,,
278,light_traffic,900,488.9643,521.09201,1185.877,13.1764,complete,0.05,0.231066,,,
279,light_traffic,900,758.7745,576.5761,1998.158,22.2018,complete,0.05,0.210869,,,
280,light_traffic,900,594.08541,581.39222,1459.912,16.2212,complete,0.05,0.216161,,,
281,light_traffic,900,660.56493,591.75646,1629.664,18.1074,complete,0.05,0.227655,,,
282,light_traffic,900,589.40286,594.00465,1906.927,21.1881,complete,0.05,0.243598,,,
283,light_traffic,900,819.35145,596.58725,2050.942,22.7882,complete,0.05,0.239719,,,
284,light_traffic,900,571.15424,594.40441,1517.96,16.8662,complete,0.05,0.228875,,,
285,light_traffic,900,603.92479,600.04037,1546.06,17.1784,complete,0.05,0.22304,,,
286,light_traffic,900,450.95361,581.67808,1279.825,14.2203,complete,0.05,0.226388,,,
287,light_traffic,900,603.66088,577.98547,1516.692,16.8521,complete,0.05,0.252109,,,
288,light_traffic,900,391.66198,561.95773,979.884,10.8876,complete,0.05,0.235225,,,
289,light_traffic,900,482.28902,548.91732,1132.273,12.5808,complete,0.05,0.259825,,,
290,light_traffic,900,502.01602,524.41468,1238.584,13.762,complete,0.05,0.223938,,,
291,light_traffic,900,675.40345,535.21547,1637.998,18.2,complete,0.05,0.245745,,,
292,light_traffic,900,604.31384,535.69393,1494.143,16.6016,complete,0.05,0.256929,,,
293,light_traffic,900,579.86679,531.45384,1295.943,14.3994,complete,0.05,0.234193,,,
294,light_traffic,900,830.26257,541.01539,2104.664,23.3852,complete,0.05,0.280898,,,
295,light_traffic,900,659.48833,548.82297,1608.319,17.8702,complete,0.05,0.237097,,,
296,light_traffic,900,455.3278,550.19906,1080.344,12.0038,complete,0.05,0.259654,,,
297,light_traffic,900,664.00674,599.27368,1645.809,18.2868,complete,0.05,0.238666,,,
298,light_traffic,900,413.44231,595.49758,834.373,9.2708,complete,0.05,0.234301,,,
299,light_traffic,900,560.66363,585.59203,1209.144,13.4349,complete,0.05,0.263621,,,
300,light_traffic,900,563.39577,584.05755,1236.867,13.743,complete,0.05,0.250694,616.57106,1341.245,1.0
301,light_traffic,900,569.45677,579.50214,1323.096,14.7011,complete,0.05,0.195816,,,
302,light_traffic,900,478.02034,573.93302,1030.694,11.4522,complete,0.05,0.208678,,,
303,light_traffic,900,889.19094,577.42499,2264.937,25.166,complete,0.05,0.204286,,,
304,light_traffic,900,596.92604,578.71358,1313.015,14.5891,complete,0.05,0.244656,,,
305,light_traffic,900,912.73772,594.15423,2099.956,23.3328,complete,0.05,0.207215,,,
306,light_traffic,900,989.8496,621.09903,2309.209,25.6579,complete,0.05,0.181814,,,
307,light_traffic,900,560.10607,618.92129,1211.351,13.4595,complete,0.05,0.239056,,,
308,light_traffic,900,498.15071,624.24572,1100.22,12.2247,complete,0.05,0.244672,,,
309,light_traffic,900,809.48897,640.60572,1904.829,21.1648,complete,0.05,0.250506,,,
310,light_traffic,900,580.61172,644.53551,1278.983,14.2109,complete,0.05,0.235241,,,
311,light_traffic,900,768.62999,649.19683,1918.981,21.322,complete,0.05,0.211544,,,
312,light_traffic,900,648.33173,651.39773,1431.778,15.9086,complete,0.05,0.213698,,,
313,light_traffic,900,760.15879,660.41233,1779.533,19.7726,complete,0.05,0.226856,,,
314,light_traffic,900,444.50832,641.12461,1153.86,12.8207,complete,0.05,0.190257,,,
315,light_traffic,900,867.39142,651.51977,2050.393,22.7821,complete,0.05,0.2281,,,
316,light_traffic,900,592.568,658.38178,1400.705,15.5634,complete,0.05,0.21515,,,
317,light_traffic,900,455.95253,647.97907,1132.371,12.5819,complete,0.05,0.172189,,,
318,light_traffic,900,678.04812,661.20936,1678.424,18.6492,complete,0.05,0.207026,,,
319,light_traffic,900,519.98722,659.17554,1182.67,13.1408,complete,0.05,0.205233,,,
320,light_traffic,900,393.39459,650.67548,989.383,10.9931,complete,0.05,0.213549,,,
321,light_traffic,900,673.45104,655.87519,1605.026,17.8336,complete,0.05,0.197768,,,
322,light_traffic,900,660.44344,664.99635,1688.27,18.7586,complete,0.05,0.191404,,,
323,light_traffic,900,545.61731,647.81767,1325.705,14.7301,complete,0.05,0.193918,,,
324,light_traffic,900,469.29398,641.43606,1065.726,11.8414,complete,0.05,0.206446,,,
325,light_traffic,900,698.73307,630.73583,1740.809,19.3423,complete,0.05,0.190885,490.40361,1179.195,1.0
326,light_traffic,900,593.38897,610.9128,1329.146,14.7683,complete,0.05,0.185403,,,
327,light_traffic,900,600.12415,612.9137,1377.114,15.3013,complete,0.05,0.183869,,,
328,light_traffic,900,495.46167,612.77925,1227.503,13.6389,complete,0.05,0.180853,,,
329,light_traffic,900,542.52979,599.43129,1372.808,15.2534,complete,0.05,0.186325,,,
330,light_traffic,316,-271.9969,556.80086,783.299,24.7879,collision,0.05,0.172118,,,
331,light_traffic,900,890.61945,562.90033,2140.918,23.788,complete,0.05,0.210343,,,
332,light_traffic,387,-226.58764,519.15437,717.92,18.5509,collision,0.05,0.19882,,,
333,light_traffic,900,612.96491,511.79467,1602.586,17.8065,complete,0.05,0.231862,,,
334,light_traffic,900,707.88486,524.9635,1884.379,20.9375,complete,0.05,0.217095,,,
335,light_traffic,900,696.26142,516.407,1689.544,18.7727,complete,0.05,0.222922,,,
336,light_traffic,900,793.07883,526.43254,1918.78,21.3198,complete,0.05,0.178357,,,
337,light_traffic,900,695.43224,538.40653,1745.945,19.3994,complete,0.05,0.189777,,,
338,light_traffic,900,643.48366,536.6783,1737.374,19.3042,complete,0.05,0.200011,,,
339,light_traffic,900,440.64435,532.71116,1056.606,11.7401,complete,0.05,0.201307,,,
340,light_traffic,900,571.85674,541.63427,1396.459,15.5162,complete,0.05,0.179614,,,
341,light_traffic,900,596.2194,537.77268,1434.37,15.9374,complete,0.05,0.191739,,,
342,light_traffic,900,559.5643,532.72873,1400.457,15.5606,complete,0.05,0.161963,,,
343,light_traffic,900,474.14451,529.15509,1018.206,11.3134,complete,0.05,0.183486,,,
344,light_traffic,900,501.45669,530.76322,1063.143,11.8127,complete,0.05,0.200292,,,
345,light_traffic,900,748.37216,533.24518,1740.703,19.3411,complete,0.05,0.159406,,,
346,light_traffic,900,893.87292,548.26938,2113.733,23.4859,complete,0.05,0.207292,,,
347,light_traffic,900,709.89377,553.75786,1688.639,18.7627,complete,0.05,0.211263,,,
348,light_traffic,900,505.85814,554.27768,1079.613,11.9957,complete,0.05,0.19231,,,
349,light_traffic,900,467.92411,550.5474,993.202,11.0356,complete,0.05,0.179524,,,
350,light_traffic,900,498.97958,589.09622,1295.33,14.3926,complete,0.05,0.184397,610.58279,1320.079,1.0
351,traffic,900,755.05857,582.31818,1704.117,18.9346,complete,0.05,0.176607,,,
352,traffic,900,446.33452,615.96428,930.687,10.341,complete,0.05,0.171369,,,
353,traffic,900,424.31706,606.53189,971.486,10.7943,complete,0.05,0.204959,,,
354,traffic,900,454.64978,593.87014,965.835,10.7315,complete,0.05,0.195355,,,
355,traffic,900,494.43278,583.77871,1094.025,12.1558,complete,0.05,0.208207,,,
356,traffic,900,580.47943,573.14874,1278.197,14.2022,complete,0.05,0.156008,,,
357,traffic,900,581.5783,567.45604,1265.338,14.0593,complete,0.05,0.175763,,,
358,traffic,900,415.03429,556.03357,879.423,9.7714,complete,0.05,0.185683,,,
359,traffic,900,388.73078,553.43789,909.804,10.1089,complete,0.05,0.162742,,,
360,traffic,900,615.87699,555.6389,1381.838,15.3538,complete,0.05,0.203704,,,
361,traffic,900,433.73435,547.51465,924.988,10.2776,complete,0.05,0.172462,,,
362,traffic,900,471.28862,543.10087,1005.96,11.1773,complete,0.05,0.152555,,,
363,traffic,900,558.66723,547.327,1223.429,13.5937,complete,0.05,0.141457,,,
364,traffic,900,566.34514,550.57143,1229.927,13.6659,complete,0.05,0.146946,,,
365,traffic,900,530.46784,539.67621,1160.157,12.8906,complete,0.05,0.168316,,,
366,traffic,900,507.81137,520.37313,1177.043,13.0783,complete,0.05,0.161168,,,
367,traffic,900,401.22805,504.93985,837.042,9.3005,complete,0.05,0.149408,,,
368,traffic,900,456.39832,502.46686,1015.187,11.2799,complete,0.05,0.158548,,,
369,traffic,900,550.1657,506.57893,1199.857,13.3317,complete,0.05,0.168891,,,
370,traffic,900,600.58883,511.6594,1299.969,14.4441,complete,0.05,0.199052,,,
371,traffic,900,620.39799,504.92637,1379.604,15.3289,complete,0.05,0.17376,,,
372,traffic,900,434.78078,504.34868,1038.639,11.5404,complete,0.05,0.214995,,,
373,traffic,900,466.01559,506.43361,1056.624,11.7403,complete,0.05,0.181306,,,
374,traffic,900,541.32128,510.76718,1202.736,13.3637,complete,0.05,0.153145,,,
375,traffic,900,485.02574,510.29683,1035.452,11.505,complete,0.05,0.192247,587.33212,1397.278,1.0
376,traffic,900,437.88799,503.16726,974.776,10.8308,complete,0.05,0.181156,,,
377,traffic,900,583.51727,503.26421,1269.842,14.1094,complete,0.05,0.17627,,,
378,traffic,900,503.71997,507.69849,1074.062,11.934,complete,0.05,0.161177,,,
379,traffic,900,418.31226,509.17757,888.793,9.8755,complete,0.05,0.163546,,,
380,traffic,900,484.14607,502.59102,1054.113,11.7124,complete,0.05,0.198803,,,
381,traffic,900,523.07267,507.05794,1302.943,14.4771,complete,0.05,0.174832,,,
382,traffic,900,614.9964,514.24332,1401.304,15.57,complete,0.05,0.178839,,,
383,traffic,900,450.38363,508.82914,1054.54,11.7171,complete,0.05,0.212968,,,
384,traffic,900,500.96669,505.56022,1102.405,12.2489,complete,0.05,0.177815,,,
385,traffic,900,452.91134,501.6824,966.991,10.7443,complete,0.05,0.169386,,,
386,traffic,900,503.98645,501.49115,1140.893,12.6766,complete,0.05,0.197433,,,
387,traffic,900,690.51631,515.95556,1570.205,17.4467,complete,0.05,0.139037,,,
388,traffic,900,661.18254,526.19478,1590.581,17.6731,complete,0.05,0.139093,,,
389,traffic,900,703.25477,533.84923,1580.205,17.5578,complete,0.05,0.14979,,,
390,traffic,900,518.15542,529.72756,1134.146,12.6016,complete,0.05,0.120788,,,
391,traffic,900,462.80611,521.84796,1041.962,11.5774,complete,0.05,0.145856,,,
392,traffic,900,473.64191,523.79102,1043.797,11.5977,complete,0.05,0.132411,,,
393,traffic,900,546.20715,527.8006,1289.178,14.3242,complete,0.05,0.134035,,,
394,traffic,900,555.38797,528.50393,1371.169,15.2352,complete,0.05,0.131179,,,
395,traffic,900,503.49533,529.42741,1081.495,12.0166,complete,0.05,0.120307,,,
396,traffic,900,518.95184,533.48061,1221.1,13.5678,complete,0.05,0.121531,,,
397,traffic,900,365.59608,522.58455,863.44,9.5938,complete,0.05,0.149314,,,
398,traffic,900,438.32438,519.31477,954.376,10.6042,complete,0.05,0.132877,,,
399,traffic,900,409.87535,518.89292,921.588,10.2399,complete,0.05,0.117747,,,
400,traffic,900,618.88651,525.62994,1370.51,15.2279,complete,0.05,0.115031,463.61797,1000.226,1.0
401,traffic,900,432.37934,521.09528,911.486,10.1276,complete,0.05,0.117038,,,
402,traffic,900,588.48644,519.76978,1286.657,14.2962,complete,0.05,0.12433,,,
403,traffic,900,484.48184,521.47469,1085.649,12.0628,complete,0.05,0.122544,,,
404,traffic,900,454.42328,519.14752,1006.117,11.1791,complete,0.05,0.119563,,,
405,traffic,655,-45.6354,494.22018,829.179,12.6592,off_road,0.05,0.125063,,,
406,traffic,900,664.07549,502.22463,1570.673,17.4519,complete,0.05,0.116407,,,
407,traffic,900,917.95803,513.59672,2107.832,23.4204,complete,0.05,0.170715,,,
408,traffic,900,458.28659,503.45192,1006.945,11.1883,complete,0.05,0.108454,,,
409,traffic,900,467.20347,491.64936,1024.441,11.3827,complete,0.05,0.142406,,,
410,traffic,900,650.83283,498.28323,1574.869,17.4985,complete,0.05,0.122438,,,
411,traffic,900,491.76596,499.73122,1116.35,12.4039,complete,0.05,0.142121,,,
412,traffic,900,560.70699,504.08447,1261.239,14.0138,complete,0.05,0.138187,,,
413,traffic,900,584.19894,505.98406,1266.751,14.075,complete,0.05,0.153584,,,
414,traffic,900,348.33588,495.63146,969.87,10.7763,complete,0.05,0.124374,,,
415,traffic,900,590.00203,499.95679,1297.53,14.417,complete,0.05,0.127293,,,
416,traffic,900,387.40648,493.37952,949.611,10.5512,complete,0.05,0.12093,,,
417,traffic,900,594.01015,504.80023,1382.904,15.3656,complete,0.05,0.145823,,,
418,traffic,900,456.18927,505.69347,962.532,10.6948,complete,0.05,0.152873,,,
419,traffic,900,614.07731,515.90357,1380.875,15.3431,complete,0.05,0.132139,,,
420,traffic,900,712.69286,520.59389,1665.252,18.5028,complete,0.05,0.136058,,,
421,traffic,900,566.55403,527.30262,1313.401,14.5933,complete,0.05,0.1403,,,
422,traffic,900,408.28424,518.29251,956.381,10.6265,complete,0.05,0.131152,,,
423,traffic,900,627.15927,525.42638,1387.121,15.4125,complete,0.05,0.114923,,,
424,traffic,900,918.97844,548.65414,2150.223,23.8914,complete,0.05,0.137469,,,
425,traffic,876,-305.07072,535.68238,1069.623,12.2103,collision,0.05,0.148982,565.20756,1210.278,1.0
426,traffic,900,466.44754,525.80098,983.726,10.9303,complete,0.05,0.153916,,,
427,traffic,900,452.68598,502.53738,958.924,10.6547,complete,0.05,0.125988,,,
428,traffic,900,511.79341,505.21272,1096.633,12.1848,complete,0.05,0.18746,,,
429,traffic,900,680.74828,515.88996,1553.945,17.2661,complete,0.05,0.129244,,,
430,traffic,900,536.17459,510.15705,1240.522,13.7836,complete,0.05,0.136598,,,
431,traffic,900,537.57696,512.4476,1203.097,13.3677,complete,0.05,0.133773,,,
432,traffic,900,426.05567,505.71503,907.849,10.0872,complete,0.05,0.157284,,,
433,traffic,900,441.0228,498.55622,1002.501,11.1389,complete,0.05,0.151006,,,
434,traffic,900,569.9526,509.63706,1264.057,14.0451,complete,0.05,0.159468,,,
435,traffic,900,418.00842,501.03738,882.672,9.8075,complete,0.05,0.151829,,,
436,traffic,900,540.61665,508.69789,1168.681,12.9853,complete,0.05,0.144491,,,
437,traffic,900,444.27662,501.21121,965.364,10.7263,complete,0.05,0.169586,,,
438,traffic,900,496.30417,503.21696,1045.931,11.6215,complete,0.05,0.160136,,,
439,traffic,900,480.16278,496.52123,1027.261,11.414,complete,0.05,0.151808,,,
440,traffic,900,716.35113,496.70414,1622.334,18.0259,complete,0.05,0.115064,,,
441,traffic,900,536.16241,495.18456,1154.678,12.8298,complete,0.05,0.145923,,,
442,traffic,900,453.65662,497.45318,948.959,10.544,complete,0.05,0.143923,,,
443,traffic,900,491.64684,490.67756,1087.413,12.0824,complete,0.05,0.167539,,,
444,traffic,900,643.81758,476.91952,1469.725,16.3303,complete,0.05,0.170083,,,
445,traffic,900,628.78152,523.61213,1387.78,15.4198,complete,0.05,0.152194,,,
446,traffic,900,593.63922,529.97171,1298.351,14.4261,complete,0.05,0.129118,,,
447,traffic,900,525.11007,533.59292,1153.691,12.8188,complete,0.05,0.15384,,,
448,traffic,900,472.29802,531.61815,1032.828,11.4759,complete,0.05,0.166408,,,
449,traffic,900,577.83652,526.47256,1262.057,14.0229,complete,0.05,0.147094,,,
450,traffic,900,532.78994,526.30333,1169.062,12.9896,complete,0.05,0.12797,588.00411,1298.751,1.0
451,traffic,900,478.01023,523.32499,1073.954,11.9328,complete,0.05,0.141112,,,
452,traffic,900,446.44452,524.34443,1014.724,11.2747,complete,0.05,0.167879,,,
453,traffic,900,468.49146,525.71787,1072.89,11.921,complete,0.05,0.103385,,,
454,traffic,900,584.99625,526.47005,1332.244,14.8027,complete,0.05,0.122322,,,
455,traffic,900,834.69169,547.30421,1938.477,21.5386,complete,0.05,0.143891,,,
456,traffic,900,593.67501,549.95713,1345.264,14.9474,complete,0.05,0.134408,,,
457,traffic,900,673.69474,561.42804,1505.079,16.7231,complete,0.05,0.141886,,,
458,traffic,900,599.20009,566.57283,1329.413,14.7713,complete,0.05,0.155915,,,
459,traffic,900,631.60751,574.14507,1368.768,15.2085,complete,0.05,0.190706,,,
460,traffic,900,543.16363,565.48569,1166.275,12.9586,complete,0.05,0.17193,,,
461,traffic,900,470.63509,562.20933,1023.252,11.3695,complete,0.05,0.150907,,,
462,traffic,900,504.58766,564.75588,1106.715,12.2968,complete,0.05,0.133521,,,
463,traffic,900,482.28095,564.28759,1032.451,11.4717,complete,0.05,0.140842,,,
464,traffic,900,379.04737,551.04907,1070.732,11.897,complete,0.05,0.160263,,,
465,traffic,900,704.5154,554.83577,1620.319,18.0035,complete,0.05,0.135531,,,
466,traffic,900,507.02443,550.50503,1170.625,13.0069,complete,0.05,0.140066,,,
467,traffic,900,593.71742,553.9354,1382.218,15.358,complete,0.05,0.142231,,,
468,traffic,900,770.32562,568.83678,1762.258,19.5806,complete,0.05,0.123347,,,
469,traffic,900,810.05682,580.44779,1904.091,21.1566,complete,0.05,0.130586,,,
470,traffic,900,467.91128,577.20386,1018.013,11.3113,complete,0.05,0.138801,,,
471,traffic,900,539.54862,580.28078,1225.745,13.6194,complete,0.05,0.135683,,,
472,traffic,900,488.74691,582.3959,1069.108,11.879,complete,0.05,0.124351,,,
473,traffic,900,544.7165,586.20715,1158.649,12.8739,complete,0.05,0.132417,,,
474,traffic,900,498.51162,581.88292,1069.669,11.8852,complete,0.05,0.125482,,,
475,traffic,900,488.24817,564.56074,1071.136,11.9015,complete,0.05,0.15004,626.09407,1374.975,1.0
476,traffic,900,467.15741,558.23486,1009.579,11.2175,complete,0.05,0.117796,,,
477,traffic,900,414.2631,545.26328,878.599,9.7622,complete,0.05,0.146462,,,
478,traffic,900,586.89871,544.64821,1261.016,14.0113,complete,0.05,0.116983,,,
479,traffic,900,580.64035,542.09985,1311.132,14.5681,complete,0.05,0.135664,,,
480,traffic,900,458.33059,537.8582,979.271,10.8808,complete,0.05,0.122023,,,
481,traffic,900,429.02348,535.77762,907.556,10.084,complete,0.05,0.106111,,,
482,traffic,900,504.73275,535.78487,1097.908,12.199,complete,0.05,0.116872,,,
483,traffic,900,460.12088,534.67687,987.741,10.9749,complete,0.05,0.13271,,,
484,traffic,900,459.04635,538.67682,969.475,10.7719,complete,0.05,0.117376,,,
485,traffic,900,584.57279,532.67969,1296.118,14.4013,complete,0.05,0.108137,,,
486,traffic,900,486.34651,531.64579,1025.725,11.3969,complete,0.05,0.112717,,,
487,traffic,900,632.53835,533.58684,1399.169,15.5463,complete,0.05,0.12605,,,
488,traffic,900,633.31143,526.73613,1408.89,15.6543,complete,0.05,0.12321,,,
489,traffic,900,569.104,514.68849,1222.937,13.5882,complete,0.05,0.116047,,,
490,traffic,900,559.44151,519.265,1232.467,13.6941,complete,0.05,0.108149,,,
491,traffic,900,605.23482,522.54931,1317.38,14.6376,complete,0.05,0.11005,,,
492,traffic,900,607.52479,528.48821,1410.279,15.6698,complete,0.05,0.1054,,,
493,traffic,900,573.47789,529.92628,1267.471,14.083,complete,0.05,0.123034,,,
494,traffic,900,489.4212,529.47175,1048.785,11.6532,complete,0.05,0.129745,,,
495,traffic,900,450.816,527.60015,950.184,10.5576,complete,0.05,0.121079,,,
496,traffic,900,419.29367,525.20696,945.19,10.5021,complete,0.05,0.10377,,,
497,traffic,900,537.76557,531.38208,1177.147,13.0794,complete,0.05,0.119789,,,
498,traffic,900,641.12363,534.09333,1416.445,15.7383,complete,0.05,0.115996,,,
499,traffic,900,447.93533,527.45808,984.397,10.9377,complete,0.05,0.109806,,,
500,traffic,900,553.17523,532.20031,1231.519,13.6835,complete,0.05,0.096976,561.16357,1351.531,1.0
501,traffic,900,653.93084,543.44568,1494.877,16.6097,complete,0.05,0.10788,,,
502,traffic,900,627.40591,549.57934,1408.106,15.6456,complete,0.05,0.088157,,,
503,traffic,900,595.64464,556.35552,1299.374,14.4375,complete,0.05,0.133952,,,
504,traffic,900,553.95886,561.10115,1250.823,13.898,complete,0.05,0.104951,,,
505,traffic,900,564.35543,560.09028,1244.43,13.827,complete,0.05,0.116098,,,
506,traffic,900,509.89786,561.26785,1101.884,12.2432,complete,0.05,0.099431,,,
507,traffic,900,459.12222,552.59704,1133.154,12.5906,complete,0.05,0.103499,,,
508,traffic,900,499.93885,545.92841,1129.0,12.5444,complete,0.05,0.095327,,,
509,traffic,900,468.45568,540.896,1006.457,11.1829,complete,0.05,0.103953,,,
510,traffic,900,449.87308,535.41758,951.408,10.5712,complete,0.05,0.098822,,,
511,traffic,509,-340.35004,488.13833,669.184,13.147,collision,0.05,0.104831,,,
512,traffic,900,693.30376,492.42728,1538.526,17.0947,complete,0.05,0.099431,,,
513,traffic,900,449.26848,486.21681,952.813,10.5868,complete,0.05,0.114206,,,
514,traffic,900,563.73472,489.93249,1226.013,13.6224,complete,0.05,0.136424,,,
515,traffic,900,566.95662,495.73952,1241.77,13.7974,complete,0.05,0.125393,,,
516,traffic,900,578.67263,503.70847,1293.992,14.3777,complete,0.05,0.107028,,,
517,traffic,900,458.48639,499.74451,1040.305,11.5589,complete,0.05,0.101219,,,
518,traffic,900,596.41691,497.50917,1326.895,14.7433,complete,0.05,0.109939,,,
519,traffic,900,653.58888,507.79185,1484.793,16.4977,complete,0.05,0.120856,,,
520,traffic,900,522.21937,506.24406,1145.61,12.729,complete,0.05,0.126267,,,
521,traffic,900,597.51911,503.42347,1349.169,14.9908,complete,0.05,0.132578,,,
522,traffic,900,543.39109,499.22273,1212.282,13.4698,complete,0.05,0.10882,,,
523,traffic,900,432.78795,491.07989,992.589,11.0288,complete,0.05,0.115976,,,
524,traffic,900,554.75603,491.11975,1219.926,13.5547,complete,0.05,0.122519,,,
525,traffic,900,530.07372,489.40567,1118.542,12.4282,complete,0.05,0.107337,450.53828,1024.343,1.0
526,traffic,900,735.96342,500.70894,1627.14,18.0793,complete,0.05,0.11305,,,
527,traffic,900,378.85776,496.69572,881.814,9.7979,complete,0.05,0.105071,,,
528,traffic,900,620.06664,502.70211,1365.232,15.1692,complete,0.05,0.116212,,,
529,traffic,900,443.07423,501.43304,957.33,10.637,complete,0.05,0.096014,,,
530,traffic,900,555.89591,506.73418,1205.689,13.3965,complete,0.05,0.1069,,,
531,traffic,900,465.63051,547.03321,1074.192,11.9355,complete,0.05,0.104426,,,
532,traffic,900,514.48831,538.09243,1203.408,13.3712,complete,0.05,0.110535,,,
533,traffic,466,-348.20774,498.21862,554.042,11.8893,collision,0.05,0.09188,,,
534,traffic,900,697.07813,504.88579,1627.494,18.0833,complete,0.05,0.132289,,,
535,traffic,900,536.18031,503.34698,1196.317,13.2924,complete,0.05,0.138847,,,
536,traffic,900,633.1923,506.07296,1393.556,15.484,complete,0.05,0.154405,,,
537,traffic,900,550.11367,510.65433,1209.663,13.4407,complete,0.05,0.121627,,,
538,traffic,900,523.49062,507.00801,1148.621,12.7625,complete,0.05,0.129038,,,
539,traffic,900,757.92219,512.22468,1771.715,19.6857,complete,0.05,0.143143,,,
540,traffic,900,594.90807,515.85911,1311.163,14.5685,complete,0.05,0.149626,,,
541,traffic,900,690.21278,520.49379,1632.708,18.1412,complete,0.05,0.137049,,,
542,traffic,900,790.03606,532.82604,1804.318,20.048,complete,0.05,0.178973,,,
543,traffic,900,551.58497,538.76589,1184.717,13.1635,complete,0.05,0.144273,,,
544,traffic,900,732.77756,547.66697,1762.693,19.5855,complete,0.05,0.144893,,,
545,traffic,900,533.21917,547.82424,1185.201,13.1689,complete,0.05,0.121702,,,
546,traffic,900,381.93445,530.1228,816.241,9.0693,complete,0.05,0.127277,,,
547,traffic,900,580.21014,540.19041,1271.393,14.1266,complete,0.05,0.118624,,,
548,traffic,900,572.38439,537.8063,1242.344,13.8038,complete,0.05,0.109861,,,
549,traffic,900,660.95333,548.70026,1577.782,17.5309,complete,0.05,0.157806,,,
550,traffic,900,422.39033,542.02498,1000.461,11.1162,complete,0.05,0.127007,550.6874,1242.581,1.0
551,traffic,246,-359.4204,500.77243,341.739,13.8918,collision,0.05,0.141951,,,
552,traffic,900,436.45231,496.87063,1000.154,11.1128,complete,0.05,0.161655,,,
553,traffic,900,450.26376,536.79421,1029.311,11.4368,complete,0.05,0.151301,,,
554,traffic,900,463.29513,525.10506,977.919,10.8658,complete,0.05,0.117583,,,
555,traffic,900,602.95561,528.44382,1334.153,14.8239,complete,0.05,0.138651,,,
556,traffic,900,497.24821,521.64662,1074.494,11.9388,complete,0.05,0.187869,,,
557,traffic,900,622.43529,525.2627,1502.394,16.6933,complete,0.05,0.154326,,,
558,traffic,900,490.58984,523.61766,1088.094,12.0899,complete,0.05,0.133204,,,
559,traffic,900,636.01708,517.5224,1402.62,15.5847,complete,0.05,0.153767,,,
560,traffic,325,-431.59035,466.19748,459.04,14.1243,collision,0.05,0.157862,,,
561,traffic,900,510.35482,457.20459,1239.866,13.7763,complete,0.05,0.157036,,,
562,traffic,672,-86.68625,413.36847,984.933,14.6567,collision,0.05,0.200819,,,
563,traffic,900,503.94441,410.98644,1199.962,13.3329,complete,0.05,0.179267,,,
564,traffic,900,469.56385,397.82576,1063.552,11.8172,complete,0.05,0.197577,,,
565,traffic,900,645.4115,403.43537,1500.272,16.6697,complete,0.05,0.159237,,,
566,traffic,900,697.57194,419.21725,1563.527,17.3725,complete,0.05,0.174049,,,
567,traffic,900,538.83154,417.14832,1159.717,12.8857,complete,0.05,0.147829,,,
568,traffic,352,-348.18176,371.12001,515.154,14.6351,collision,0.05,0.239612,,,
569,traffic,900,592.04837,367.67476,1392.01,15.4668,complete,0.05,0.215103,,,
570,traffic,697,-84.50321,342.33008,987.224,14.1639,collision,0.05,0.181985,,,
571,traffic,900,554.53127,388.02767,1201.196,13.3466,complete,0.05,0.166644,,,
572,traffic,900,478.41599,390.12585,1051.376,11.682,complete,0.05,0.207894,,,
573,traffic,900,629.46528,399.08593,1508.159,16.7573,complete,0.05,0.223743,,,
574,traffic,804,-77.93548,372.0244,1109.632,13.8014,collision,0.05,0.206534,,,
575,traffic,900,491.15124,366.43418,1075.171,11.9463,complete,0.05,0.206235,602.8872,1405.164,1.0
576,traffic,900,695.22161,376.33285,1569.335,17.4371,complete,0.05,0.212431,,,
577,traffic,900,488.9618,369.65918,1030.943,11.4549,complete,0.05,0.199252,,,
578,traffic,565,-152.44017,337.50768,870.235,15.4024,collision,0.05,0.201434,,,
579,traffic,900,416.29021,326.52133,1040.049,11.5561,complete,0.05,0.281991,,,
580,traffic,900,719.69574,384.08564,1638.492,18.2055,complete,0.05,0.290013,,,
581,traffic,900,491.47432,383.14161,1124.058,12.4895,complete,0.05,0.190503,,,
582,traffic,900,567.31706,415.84178,1365.976,15.1775,complete,0.05,0.233793,,,
583,traffic,472,-272.08275,377.04042,762.458,16.1538,collision,0.05,0.210632,,,
584,traffic,900,549.29968,381.02721,1232.27,13.6919,complete,0.05,0.275406,,,
585,traffic,900,620.30173,379.77172,1409.984,15.6665,complete,0.05,0.244822,,,
586,traffic,900,590.0149,374.39387,1300.534,14.4504,complete,0.05,0.245673,,,
587,traffic,900,869.60621,390.9326,1970.865,21.8985,complete,0.05,0.231134,,,
588,traffic,900,448.30914,430.75715,1071.109,11.9012,complete,0.05,0.233417,,,
589,traffic,900,560.55181,429.18232,1229.67,13.663,complete,0.05,0.226349,,,
590,traffic,900,537.38882,460.27692,1272.329,14.137,complete,0.05,0.201337,,,
591,traffic,900,491.21994,457.11136,1056.475,11.7386,complete,0.05,0.270908,,,
592,traffic,900,542.31921,460.30652,1360.742,15.1194,complete,0.05,0.19197,,,
593,traffic,900,578.7077,457.76864,1303.168,14.4796,complete,0.05,0.247753,,,
594,traffic,900,609.9179,492.16131,1482.655,16.4739,complete,0.05,0.237693,,,
595,traffic,900,623.64944,498.78622,1381.937,15.3549,complete,0.05,0.2629,,,
596,traffic,900,561.79975,492.11512,1300.163,14.4463,complete,0.05,0.222614,,,
597,traffic,900,577.03131,496.5186,1380.299,15.3367,complete,0.05,0.264527,,,
598,traffic,900,755.58232,541.91972,1769.572,19.6619,complete,0.05,0.247209,,,
599,traffic,900,588.19544,550.51498,1413.246,15.7027,complete,0.05,0.239972,,,
600,traffic,900,549.72263,542.01633,1247.024,13.8558,complete,0.05,0.30643,610.78503,1350.878,1.0
601,traffic,368,-359.12882,499.48617,502.087,13.6437,collision,0.05,0.245223,,,
602,traffic,900,769.65085,509.60286,1768.83,19.6537,complete,0.05,0.246899,,,
603,traffic,900,653.65359,555.88968,1511.932,16.7992,complete,0.05,0.306273,,,
604,traffic,900,641.06149,560.47777,1495.504,16.6167,complete,0.05,0.295262,,,
605,traffic,662,-200.52973,519.4362,815.475,12.3184,collision,0.05,0.250576,,,
606,traffic,900,574.90936,518.68092,1429.391,15.8821,complete,0.05,0.298865,,,
607,traffic,900,389.47922,494.67457,973.132,10.8126,complete,0.05,0.27077,,,
608,traffic,900,669.54188,505.73621,1556.136,17.2904,complete,0.05,0.307182,,,
609,traffic,900,592.36747,507.32699,1310.203,14.5578,complete,0.05,0.302178,,,
610,traffic,900,624.08589,511.66184,1453.865,16.1541,complete,0.05,0.253554,,,
611,traffic,900,789.66062,526.58388,1993.878,22.1542,complete,0.05,0.281376,,,
612,traffic,900,680.61409,533.49862,1916.099,21.29,complete,0.05,0.304606,,,
613,traffic,900,445.13591,526.82003,1106.783,12.2976,complete,0.05,0.231917,,,
614,traffic,900,419.38213,517.29324,1085.231,12.0581,complete,0.05,0.277192,,,
615,traffic,900,516.36346,511.92894,1253.734,13.9304,complete,0.05,0.257016,,,
616,traffic,586,-185.55101,474.56141,720.888,12.3018,collision,0.05,0.262256,,,
617,traffic,900,713.49292,481.38449,1639.276,18.2142,complete,0.05,0.269474,,,
618,traffic,900,519.70917,469.59083,1135.112,12.6124,complete,0.05,0.25759,,,
619,traffic,900,484.59823,464.41097,1036.998,11.5222,complete,0.05,0.292871,,,
620,traffic,900,587.50867,466.30027,1384.808,15.3868,complete,0.05,0.30794,,,
621,traffic,900,566.0412,512.55877,1274.582,14.162,complete,0.05,0.268308,,,
622,traffic,900,509.4513,499.54879,1095.275,12.1697,complete,0.05,0.276786,,,
623,traffic,900,623.64373,498.0483,1409.563,15.6618,complete,0.05,0.277623,,,
624,traffic,900,494.07235,490.69884,1112.963,12.3663,complete,0.05,0.26864,,,
625,traffic,900,616.05011,531.52784,1405.848,15.6205,complete,0.05,0.28662,516.45926,1131.595,1.0
626,traffic,900,503.54819,527.95978,1189.5,13.2167,complete,0.05,0.290179,,,
627,traffic,900,444.08669,530.69015,1136.734,12.6304,complete,0.05,0.252922,,,
628,traffic,900,402.05935,517.31602,1017.748,11.3083,complete,0.05,0.247943,,,
629,traffic,835,-80.29586,483.68286,1382.645,16.5586,collision,0.05,0.315329,,,
630,traffic,900,502.33503,477.59531,1072.29,11.9143,complete,0.05,0.266727,,,
631,traffic,414,-257.60778,425.23189,615.275,14.8617,collision,0.05,0.289485,,,
632,traffic,900,847.98253,433.60032,1980.091,22.001,complete,0.05,0.259629,,,
633,traffic,548,-82.43129,407.22196,1211.105,22.1004,collision,0.05,0.281271,,,
634,traffic,900,546.95071,413.60039,1227.78,13.642,complete,0.05,0.29967,,,
635,traffic,900,497.02223,412.63332,1250.899,13.8989,complete,0.05,0.31206,,,
636,traffic,900,395.57032,441.68939,1154.703,12.83,complete,0.05,0.342548,,,
637,traffic,900,544.81226,433.25536,1280.539,14.2282,complete,0.05,0.246071,,,
638,traffic,900,634.34338,438.98707,1474.576,16.3842,complete,0.05,0.375867,,,
639,traffic,900,533.57819,441.43606,1167.276,12.9697,complete,0.05,0.267039,,,
640,traffic,900,474.82922,435.80209,1191.787,13.2421,complete,0.05,0.322862,,,
641,traffic,900,634.08028,439.20405,1469.119,16.3235,complete,0.05,0.269392,,,
642,traffic,530,-298.07459,398.82775,644.48,12.16,collision,0.05,0.224259,,,
643,traffic,900,104.66336,372.87873,417.78,4.642,complete,0.05,0.349537,,,
644,traffic,900,318.62241,364.10624,856.177,9.5131,complete,0.05,0.333839,,,
645,traffic,900,448.31432,355.71945,1081.504,12.0167,complete,0.05,0.359301,,,
646,traffic,900,445.60277,352.82218,1118.179,12.4242,complete,0.05,0.438199,,,
647,traffic,732,-118.92239,324.67172,891.445,12.1782,collision,0.05,0.37373,,,
648,traffic,900,597.70754,334.45413,1325.218,14.7246,complete,0.05,0.366743,,,
649,traffic,900,585.05324,367.72159,1427.554,15.8617,complete,0.05,0.46472,,,
650,traffic,900,425.0299,363.85633,1025.347,11.3927,complete,0.05,0.444659,629.53479,1383.756,1.0
651,traffic,900,611.85633,407.32954,1452.959,16.144,complete,0.05,0.436067,,,
652,traffic,900,730.53523,401.45717,1720.042,19.1116,complete,0.05,0.527627,,,
653,traffic,900,510.48738,431.1031,1187.632,13.1959,complete,0.05,0.429692,,,
654,traffic,900,578.20713,432.66593,1336.099,14.8455,complete,0.05,0.459484,,,
655,traffic,261,-344.81136,390.57425,376.069,14.4088,collision,0.05,0.432163,,,
656,traffic,900,666.04258,404.09786,1560.065,17.3341,complete,0.05,0.535666,,,
657,traffic,900,440.12824,398.86366,1090.486,12.1165,complete,0.05,0.586694,,,
658,traffic,900,526.93256,393.49312,1228.783,13.6531,complete,0.05,0.524159,,,
659,traffic,900,504.89548,392.05898,1246.45,13.8494,complete,0.05,0.581143,,,
660,traffic,900,371.21769,386.8784,1072.769,11.9197,complete,0.05,0.582908,,,
661,traffic,900,551.77483,382.76313,1279.139,14.2127,complete,0.05,0.561301,,,
662,traffic,900,306.16894,412.97531,1052.715,11.6968,complete,0.05,0.600947,,,
663,traffic,900,516.4566,433.56497,1228.979,13.6553,complete,0.05,0.623966,,,
664,traffic,900,327.08567,433.98813,846.948,9.4105,complete,0.05,0.568579,,,
665,traffic,746,-41.76124,409.48436,1107.415,14.8447,collision,0.05,0.671342,,,
666,traffic,762,-299.53739,372.22735,925.273,12.1427,collision,0.05,0.649351,,,
667,traffic,900,368.33564,396.59025,980.718,10.8969,complete,0.05,0.660069,,,
668,traffic,900,415.56254,387.483,1105.934,12.2882,complete,0.05,0.773049,,,
669,traffic,900,456.50667,381.05567,1058.827,11.7647,complete,0.05,0.782268,,,
670,traffic,900,302.48554,374.92845,885.871,9.843,complete,0.05,0.843278,,,
671,traffic,900,254.65553,357.06841,1017.438,11.3049,complete,0.05,0.86408,,,
672,traffic,900,418.67377,341.47534,1062.136,11.8015,complete,0.05,0.843374,,,
673,traffic,445,-336.20583,299.14068,530.965,11.9318,collision,0.05,0.823988,,,
674,traffic,900,280.05909,284.23328,1062.053,11.8006,complete,0.05,0.858719,,,
675,traffic,566,-262.44146,288.35177,750.39,13.2578,collision,0.05,0.937571,445.65913,1084.326,1.0
676,traffic,110,-441.55033,232.97213,154.244,14.0222,collision,0.05,0.938723,,,
677,traffic,449,-355.77315,193.17706,555.539,12.3728,collision,0.05,0.875981,,,
678,traffic,225,-479.21805,142.86953,308.122,13.6943,collision,0.05,1.01635,,,
679,traffic,900,463.60519,140.80501,1126.312,12.5146,complete,0.05,1.130097,,,
680,traffic,233,-497.78731,97.35476,242.59,10.4116,collision,0.05,0.900541,,,
681,traffic,900,248.59048,82.19555,943.116,10.4791,complete,0.05,1.005167,,,
682,traffic,900,357.7272,84.77346,999.373,11.1041,complete,0.05,1.138334,,,
683,traffic,900,374.87415,77.69434,912.646,10.1405,complete,0.05,1.07798,,,
684,traffic,900,376.70477,80.17529,1050.895,11.6766,complete,0.05,1.194691,,,
685,traffic,900,356.96998,100.11185,1016.908,11.299,complete,0.05,1.187625,,,
686,traffic,900,391.1067,134.64406,1039.83,11.5537,complete,0.05,1.096906,,,
687,traffic,219,-383.20835,97.06686,393.574,17.9714,collision,0.05,1.260062,,,
688,traffic,900,343.03725,93.44059,984.798,10.9422,complete,0.05,1.140097,,,
689,traffic,900,316.29675,86.4301,1012.057,11.2451,complete,0.05,1.239923,,,
690,traffic,900,324.41302,87.52647,869.579,9.662,complete,0.05,1.310164,,,
691,traffic,441,-170.27685,66.27985,588.795,13.3514,off_road,0.05,1.214744,,,
692,traffic,900,360.08095,63.35021,960.892,10.6766,complete,0.05,1.277408,,,
693,traffic,900,371.51839,98.73642,960.952,10.6772,complete,0.05,1.244917,,,
694,traffic,900,375.32409,103.49967,1086.97,12.0774,complete,0.05,1.166822,,,
695,traffic,900,376.59282,135.45138,951.361,10.5707,complete,0.05,1.265914,,,
696,traffic,900,283.86056,171.72193,1017.076,11.3008,complete,0.05,1.233132,,,
697,traffic,900,229.75027,200.9981,882.011,9.8001,complete,0.05,1.339738,,,
698,traffic,546,-289.61464,210.47827,630.55,11.5485,collision,0.05,1.272304,,,
699,traffic,900,392.56749,206.92639,1160.899,12.8989,complete,0.05,1.255927,,,
700,traffic,900,291.70249,246.40088,936.135,10.4015,complete,0.05,1.27171,379.41696,1006.402,1.0
701,traffic,900,283.15562,248.12913,1042.151,11.5795,complete,0.05,1.334516,,,
702,traffic,900,175.83766,239.03466,922.512,10.2501,complete,0.05,1.377538,,,
703,traffic,900,304.02407,235.49215,928.817,10.3202,complete,0.05,1.377984,,,
704,traffic,673,-287.05466,202.30418,694.739,10.323,collision,0.05,1.404274,,,
705,traffic,900,-27.52342,183.07951,22.268,0.2474,complete,0.05,1.431242,,,
706,traffic,900,364.25504,181.73693,1104.864,12.2763,complete,0.05,1.395965,,,
707,traffic,562,-286.08621,186.59304,636.986,11.3343,collision,0.05,1.475838,,,
708,traffic,298,-351.36824,151.87276,396.828,13.3164,collision,0.05,1.382742,,,
709,traffic,428,-347.72008,118.67192,451.918,10.5588,collision,0.05,1.522514,,,
710,traffic,631,-354.05157,84.74869,711.904,11.2822,collision,0.05,1.405523,,,
711,traffic,900,132.28011,99.87654,936.648,10.4072,complete,0.05,1.44685,,,
712,traffic,461,-294.12864,67.16606,490.037,10.6299,off_road,0.05,1.490147,,,
713,traffic,900,384.20928,67.8006,1068.902,11.8767,complete,0.05,1.412287,,,
714,traffic,313,-339.37756,32.06552,456.041,14.57,collision,0.05,1.569797,,,
715,traffic,900,421.15128,34.29344,1267.732,14.0859,complete,0.05,1.348695,,,
716,traffic,900,452.11696,42.70626,1105.025,12.2781,complete,0.05,1.578532,,,
717,traffic,900,404.38861,51.43818,970.209,10.7801,complete,0.05,1.544577,,,
718,traffic,900,333.85091,82.61146,1068.279,11.8698,complete,0.05,1.467083,,,
719,traffic,575,-209.87115,52.48953,732.376,12.737,collision,0.05,1.554482,,,
720,traffic,900,353.45195,55.577,914.962,10.1662,complete,0.05,1.342994,,,
721,traffic,900,525.12346,67.67539,1204.791,13.3866,complete,0.05,1.437807,,,
722,traffic,841,-132.16279,52.27537,1061.799,12.6254,collision,0.05,1.414943,,,
723,traffic,734,-186.4254,27.75289,757.528,10.3205,collision,0.05,1.318088,,,
724,traffic,900,371.05848,60.65855,1187.459,13.194,complete,0.05,1.340054,,,
725,traffic,900,423.59659,83.21455,1091.12,12.1236,complete,0.05,1.38148,-89.71476,618.082,0.3333
726,traffic,900,434.02902,86.70325,1058.779,11.7642,complete,0.05,1.382913,,,
727,traffic,900,385.97378,120.30625,934.013,10.3779,complete,0.05,1.369427,,,
728,traffic,900,391.5418,157.45175,937.625,10.4181,complete,0.05,1.331699,,,
729,traffic,118,-421.84203,153.74565,195.414,16.5605,collision,0.05,1.110535,,,
730,traffic,900,363.93382,189.64492,856.415,9.5157,complete,0.05,1.249248,,,
731,traffic,900,403.06631,203.18423,945.762,10.5085,complete,0.05,1.319095,,,
732,traffic,900,411.51736,238.46653,1053.133,11.7015,complete,0.05,1.209028,,,
733,traffic,618,-197.06945,209.4026,733.308,11.8658,collision,0.05,1.391761,,,
734,traffic,900,392.4076,245.99186,880.165,9.7796,complete,0.05,1.274853,,,
735,traffic,900,299.61562,239.91507,861.461,9.5718,complete,0.05,1.237515,,,
736,traffic,900,488.69457,241.74395,1177.237,13.0804,complete,0.05,1.421224,,,
737,traffic,900,456.56788,244.35292,1185.015,13.1668,complete,0.05,1.222736,,,
738,traffic,900,342.94755,244.80775,1002.255,11.1362,complete,0.05,1.298948,,,
739,traffic,239,-382.54217,236.1742,309.023,12.9298,collision,0.05,1.209551,,,
740,traffic,900,399.97289,238.50024,903.351,10.0372,complete,0.05,1.447729,,,
741,traffic,900,391.45444,231.81679,914.942,10.166,complete,0.05,1.236187,,,
742,traffic,900,412.30354,259.04011,932.569,10.3619,complete,0.05,1.251401,,,
743,traffic,900,422.10682,289.46672,1076.989,11.9665,complete,0.05,1.152609,,,
744,traffic,410,-259.62852,257.93237,562.681,13.7239,collision,0.05,1.264553,,,
745,traffic,197,-387.45417,217.37983,249.876,12.684,collision,0.05,1.232861,,,
746,traffic,900,328.91462,212.12411,1141.922,12.688,complete,0.05,1.207145,,,
747,traffic,900,440.95475,214.87316,1378.521,15.3169,complete,0.05,1.169748,,,
748,traffic,900,381.06691,214.34942,969.29,10.7699,complete,0.05,1.218959,,,
749,traffic,331,-454.51413,212.71581,501.293,15.1448,collision,0.05,1.129636,,,
750,traffic,413,-110.60502,188.98887,725.592,17.5688,off_road,0.05,1.155261,139.89587,749.876,0.6667
751,traffic,900,313.54311,184.51271,1086.809,12.0757,complete,0.05,1.077466,,,
752,traffic,900,355.62126,181.71791,1028.575,11.4286,complete,0.05,1.212455,,,
753,traffic,658,-648.8242,159.13017,331.566,5.039,off_road,0.05,1.16801,,,
754,traffic,139,-446.49135,117.18522,293.247,21.0969,collision,0.05,1.159505,,,
755,traffic,900,173.95992,110.90244,1016.125,11.2903,complete,0.05,1.179493,,,
756,traffic,900,388.58968,105.89719,1019.791,11.331,complete,0.05,1.188402,,,
757,traffic,263,-346.51521,65.74304,471.494,17.9275,collision,0.05,1.094429,,,
758,traffic,703,-88.61542,44.16489,1106.694,15.7425,collision,0.05,1.153054,,,
759,traffic,228,-447.57601,40.9132,320.379,14.0517,collision,0.05,1.059016,,,
760,traffic,397,-524.70331,-5.32061,464.326,11.6959,collision,0.05,1.245907,,,
761,traffic,583,-166.50089,-33.21838,921.654,15.8088,collision,0.05,1.19933,,,
762,traffic,635,-51.96231,-56.43167,1367.1,21.5291,collision,0.05,1.189691,,,
763,traffic,900,364.80602,-59.29671,881.331,9.7926,complete,0.05,1.21279,,,
764,traffic,900,374.01346,-27.61461,944.159,10.4907,complete,0.05,1.210016,,,
765,traffic,900,298.83737,6.69996,1023.356,11.3706,complete,0.05,1.26428,,,
766,traffic,900,207.86548,0.64751,926.37,10.293,complete,0.05,1.248355,,,
767,traffic,486,-262.68359,-34.53441,759.673,15.6311,collision,0.05,1.270931,,,
768,traffic,151,-456.71061,-76.42329,294.933,19.532,collision,0.05,1.167959,,,
769,traffic,147,-400.21509,-73.70834,248.43,16.9,collision,0.05,1.220113,,,
770,traffic,446,-374.97895,-86.92703,559.868,12.5531,collision,0.05,1.184211,,,
771,traffic,260,-330.20446,-119.11441,444.723,17.1047,collision,0.05,1.044292,,,
772,traffic,900,447.8047,-114.50524,1167.419,12.9713,complete,0.05,1.253167,,,
773,traffic,900,316.5576,-66.23615,908.005,10.0889,complete,0.05,1.244342,,,
774,traffic,70,-504.57859,-69.14051,123.801,17.6859,collision,0.05,1.115774,,,
775,traffic,299,-378.76675,-96.77684,394.873,13.2064,collision,0.05,1.197208,190.83887,878.889,0.6667
776,traffic,157,-474.06336,-139.9095,285.916,18.2112,collision,0.05,1.415767,,,
777,traffic,900,322.68034,-106.44972,1095.699,12.1744,complete,0.05,1.312161,,,
778,traffic,900,364.38876,-83.79951,864.609,9.6068,complete,0.05,1.256128,,,
779,traffic,900,497.79391,-36.53101,1461.708,16.2412,complete,0.05,1.402231,,,
780,traffic,900,392.60467,9.33438,1045.651,11.6183,complete,0.05,1.270617,,,
781,traffic,900,407.13581,38.01622,948.504,10.5389,complete,0.05,1.383204,,,
782,traffic,900,352.89516,58.25909,901.092,10.0121,complete,0.05,1.326557,,,
783,traffic,649,-121.7985,33.92887,942.106,14.5163,collision,0.05,1.412248,,,
784,traffic,91,-305.40227,-0.04192,197.706,21.7259,off_road,0.05,0.939382,,,
785,traffic,900,227.33045,-3.61727,1067.247,11.8583,complete,0.05,1.165798,,,
786,traffic,502,-204.65823,-24.24345,749.757,14.9354,collision,0.05,1.208348,,,
787,traffic,900,249.68311,1.37488,1038.944,11.5438,complete,0.05,1.28053,,,
788,traffic,717,-199.68413,14.22621,820.148,11.4386,collision,0.05,1.359194,,,
789,traffic,372,-338.58352,17.30779,439.248,11.8077,collision,0.05,1.509825,,,
790,traffic,900,413.21096,56.71728,965.31,10.7257,complete,0.05,1.458811,,,
791,traffic,106,-436.42043,51.40648,196.915,18.5769,collision,0.05,1.14116,,,
792,traffic,196,-288.09574,14.61146,232.586,11.8666,off_road,0.05,1.365527,,,
793,traffic,191,-435.21693,-22.97726,270.243,14.1488,collision,0.05,1.246033,,,
794,traffic,466,-71.26415,-1.31154,753.058,16.16,off_road,0.05,1.432015,,,
795,traffic,900,280.27453,31.64052,863.684,9.5965,complete,0.05,1.387552,,,
796,traffic,900,402.54895,75.47114,1012.018,11.2446,complete,0.05,1.442653,,,
797,traffic,708,-254.6437,46.60493,781.029,11.0315,collision,0.05,1.240258,,,
798,traffic,264,-238.52452,16.45927,410.556,15.5514,off_road,0.05,1.501864,,,
799,traffic,257,-352.87123,-26.07399,354.926,13.8104,collision,0.05,1.327396,,,
800,traffic,103,-430.32342,-67.22039,178.255,17.3063,collision,0.05,1.71376,176.23324,1138.693,1.0
801,traffic,782,-185.8985,-96.87211,895.411,11.4503,collision,0.05,1.597407,,,
802,traffic,750,-472.30135,-138.13193,911.364,12.1515,collision,0.05,1.703743,,,
803,traffic,900,241.93969,-119.94502,1052.457,11.694,complete,0.05,1.514242,,,
804,traffic,900,194.54004,-94.94791,999.059,11.1007,complete,0.05,1.644086,,,
805,traffic,900,356.16099,-88.50638,970.612,10.7846,complete,0.05,1.544852,,,
806,traffic,756,-204.14326,-88.48063,873.695,11.5568,collision,0.05,1.737273,,,
807,traffic,900,25.27279,-99.70115,893.482,9.9276,complete,0.05,1.658482,,,
808,traffic,900,190.21562,-80.20616,1091.928,12.1325,complete,0.05,1.686229,,,
809,traffic,900,119.80514,-57.28673,933.963,10.3774,complete,0.05,1.672548,,,
810,traffic,900,226.44554,-66.625,1102.87,12.2541,complete,0.05,1.718201,,,
811,traffic,900,398.30523,-24.88871,1243.7,13.8189,complete,0.05,1.788405,,,
812,traffic,900,270.68863,3.0505,1040.28,11.5587,complete,0.05,1.739087,,,
813,traffic,264,-382.49929,5.68639,321.572,12.1808,collision,0.05,1.846064,,,
814,traffic,900,412.32725,29.86596,1115.049,12.3894,complete,0.05,1.793383,,,
815,traffic,320,-347.18391,-1.50697,409.855,12.808,collision,0.05,1.583689,,,
816,traffic,900,493.2081,3.02599,1373.82,15.2647,complete,0.05,1.766819,,,
817,traffic,346,-411.37713,-4.81068,446.979,12.9185,collision,0.05,1.709795,,,
818,traffic,900,562.66136,35.24861,1409.665,15.6629,complete,0.05,1.777195,,,
819,traffic,900,483.9643,77.09039,1295.573,14.3953,complete,0.05,1.80864,,,
820,traffic,423,-236.68173,86.77248,894.364,21.1434,collision,0.05,1.828968,,,
821,traffic,900,357.46452,113.94063,958.48,10.6498,complete,0.05,1.846949,,,
822,traffic,900,698.92697,172.50204,1844.304,20.4923,complete,0.05,1.787026,,,
823,traffic,900,408.36241,180.82318,1212.474,13.4719,complete,0.05,1.67214,,,
824,traffic,900,474.54851,194.8236,1371.899,15.2433,complete,0.05,1.790567,,,
825,traffic,592,-343.79116,159.82599,899.381,15.1922,collision,0.05,1.840902,379.66501,1134.386,1.0
826,traffic,900,399.12408,189.98936,1081.292,12.0144,complete,0.05,1.651882,,,
827,traffic,683,-196.56056,178.89769,771.419,11.2946,collision,0.05,1.713599,,,
828,traffic,900,366.58624,187.71622,1090.311,12.1146,complete,0.05,1.811208,,,
829,traffic,900,337.25383,198.58866,835.153,9.2795,complete,0.05,1.669255,,,
830,traffic,198,-401.91505,167.17063,287.208,14.5054,collision,0.05,1.736493,,,
831,traffic,900,470.01627,170.75618,1312.918,14.588,complete,0.05,1.80767,,,
832,traffic,900,489.24018,181.68376,1268.424,14.0936,complete,0.05,1.733382,,,
833,traffic,171,-419.88171,179.81464,269.161,15.7404,collision,0.05,1.674993,,,
834,traffic,900,409.86552,179.69155,1017.553,11.3061,complete,0.05,1.7899,,,
835,traffic,900,469.85766,220.54363,1197.662,13.3074,complete,0.05,1.826283,,,
836,traffic,900,367.06354,214.2364,1098.403,12.2045,complete,0.05,1.555979,,,
837,traffic,900,553.16791,262.46365,1417.513,15.7501,complete,0.05,1.577215,,,
838,traffic,525,-141.65826,227.24767,922.306,17.5677,collision,0.05,1.65778,,,
839,traffic,853,-57.64407,200.16725,1124.394,13.1816,collision,0.05,1.730782,,,
840,traffic,900,252.27712,224.6152,773.53,8.5948,complete,0.05,1.71866,,,
841,traffic,900,352.67061,224.3755,1093.137,12.146,complete,0.05,1.744111,,,
842,traffic,900,308.75483,204.86689,1154.688,12.8299,complete,0.05,1.711055,,,
843,traffic,900,349.63547,201.93055,1008.843,11.2094,complete,0.05,1.753855,,,
844,traffic,900,463.75921,201.39108,1174.889,13.0543,complete,0.05,1.53633,,,
845,traffic,900,398.98771,238.53003,1072.4,11.9156,complete,0.05,1.602406,,,
846,traffic,900,436.73056,240.41035,1093.927,12.1547,complete,0.05,1.575164,,,
847,traffic,900,528.19678,276.64822,1263.131,14.0348,complete,0.05,1.610812,,,
848,traffic,489,-286.25353,244.00623,651.664,13.3265,collision,0.05,1.556883,,,
849,traffic,900,464.39538,250.36331,1258.068,13.9785,complete,0.05,1.633101,,,
850,traffic,144,-401.0293,250.40759,284.018,19.7235,collision,0.05,1.34416,138.68617,1106.778,0.6667
851,traffic,900,423.29523,248.07154,1095.064,12.1674,complete,0.05,1.731865,,,
852,traffic,900,457.19045,246.46906,1080.973,12.0108,complete,0.05,1.60253,,,
853,traffic,900,540.78826,294.50255,1411.356,15.6817,complete,0.05,1.629021,,,
854,traffic,478,-290.50858,259.48385,537.118,11.2368,collision,0.05,1.73375,,,
855,traffic,900,507.77071,261.3795,1245.056,13.834,complete,0.05,1.639544,,,
856,traffic,900,333.10712,259.68168,1034.341,11.4927,complete,0.05,1.66686,,,
857,traffic,900,420.73193,253.05988,1052.496,11.6944,complete,0.05,1.427481,,,
858,traffic,604,-162.6784,252.00887,836.408,13.8478,collision,0.05,1.704671,,,
859,traffic,900,508.59703,280.32093,1313.526,14.5947,complete,0.05,1.679861,,,
860,traffic,663,-81.14041,263.65005,1056.597,15.9366,collision,0.05,1.612347,,,
861,traffic,900,335.95435,262.81424,901.847,10.0205,complete,0.05,1.495858,,,
862,traffic,900,452.91315,270.02216,1239.895,13.7766,complete,0.05,1.675939,,,
863,traffic,221,-257.36595,239.67209,300.875,13.6142,off_road,0.05,1.770646,,,
864,traffic,900,422.67551,237.6179,1077.336,11.9704,complete,0.05,1.765567,,,
865,traffic,900,492.09005,242.27302,1298.112,14.4235,complete,0.05,1.520336,,,
866,traffic,900,277.80621,234.3268,921.001,10.2333,complete,0.05,1.60264,,,
867,traffic,900,403.17694,228.07581,979.776,10.8864,complete,0.05,1.571716,,,
868,traffic,900,417.11476,263.24422,1059.365,11.7707,complete,0.05,1.531512,,,
869,traffic,900,322.22542,256.13572,958.489,10.6499,complete,0.05,1.420535,,,
870,traffic,900,535.20819,302.9476,1283.669,14.263,complete,0.05,1.554367,,,
871,traffic,900,359.01889,299.73378,1038.257,11.5362,complete,0.05,1.684119,,,
872,traffic,754,-127.92933,270.47779,897.255,11.8999,collision,0.05,1.599411,,,
873,traffic,413,-124.15323,237.23072,619.156,14.9917,off_road,0.05,1.494401,,,
874,traffic,900,287.42218,266.12726,917.571,10.1952,complete,0.05,1.562545,,,
875,traffic,458,-70.65893,237.20578,858.454,18.7435,off_road,0.05,1.526771,292.29474,1026.32,0.6667
876,traffic,900,507.71747,245.93629,1235.284,13.7254,complete,0.05,1.693751,,,
877,traffic,900,417.43042,245.77122,1110.71,12.3412,complete,0.05,1.594493,,,
878,traffic,663,-14.79114,253.16558,856.64,12.9207,off_road,0.05,1.510262,,,
879,traffic,900,402.26714,247.84908,979.05,10.8783,complete,0.05,1.560248,,,
880,traffic,460,-259.11375,238.95042,626.089,13.6106,collision,0.05,1.559145,,,
881,traffic,900,297.64057,237.03473,898.703,9.9856,complete,0.05,1.419596,,,
882,traffic,423,-194.00931,204.68861,445.204,10.5249,off_road,0.05,1.528293,,,
883,traffic,793,-24.29326,216.34224,816.238,10.293,off_road,0.05,1.501929,,,
884,traffic,789,-96.87957,190.36449,999.877,12.6727,collision,0.05,1.550984,,,
885,traffic,384,-298.72366,150.8238,547.048,14.2461,collision,0.05,1.513184,,,
886,traffic,900,326.96035,153.28151,865.619,9.618,complete,0.05,1.547611,,,
887,traffic,900,235.59614,144.90247,883.341,9.8149,complete,0.05,1.559271,,,
888,traffic,437,-367.66327,105.66357,564.966,12.9283,collision,0.05,1.567522,,,
889,traffic,739,-134.51102,82.82674,1119.42,15.1478,collision,0.05,1.578189,,,
890,traffic,507,-245.10791,43.81094,650.463,12.8296,collision,0.05,1.574477,,,
891,traffic,290,-392.02951,6.25852,454.58,15.6752,collision,0.05,1.646512,,,
892,traffic,662,-281.27305,-1.40867,745.048,11.2545,off_road,0.05,1.625029,,,
893,traffic,900,401.43837,24.87091,941.513,10.4613,complete,0.05,1.731405,,,
894,traffic,900,317.3397,26.36679,809.929,8.9992,complete,0.05,1.544099,,,
895,traffic,900,389.70765,49.38512,1045.01,11.6112,complete,0.05,1.644132,,,
896,traffic,900,417.88618,44.89355,1104.613,12.2735,complete,0.05,1.834457,,,
897,traffic,900,326.54459,40.34926,938.631,10.4292,complete,0.05,1.838641,,,
898,traffic,900,379.40618,60.05913,942.318,10.4702,complete,0.05,1.943766,,,
899,traffic,271,-408.93778,19.49888,358.154,13.216,collision,0.05,2.054615,,,
900,traffic,900,335.39151,49.22415,804.359,8.9373,complete,0.05,1.974145,367.33694,928.469,1.0
901,traffic,900,332.03475,50.94385,804.519,8.9391,complete,0.05,1.965215,,,
902,traffic,900,213.91432,71.34004,595.955,6.6217,complete,0.05,1.912652,,,
903,traffic,900,371.16711,91.11305,917.024,10.1892,complete,0.05,1.968869,,,
904,traffic,900,271.75226,109.54465,717.367,7.9707,complete,0.05,1.886113,,,
905,traffic,900,412.5727,145.10946,880.207,9.7801,complete,0.05,1.980098,,,
906,traffic,900,436.01867,150.56238,900.334,10.0037,complete,0.05,1.835504,,,
907,traffic,900,192.65777,148.41546,530.511,5.8946,complete,0.05,1.970402,,,
908,traffic,900,218.48958,177.7231,607.077,6.7453,complete,0.05,1.854528,,,
909,traffic,900,245.47024,196.72217,721.107,8.0123,complete,0.05,1.814114,,,
910,traffic,900,281.75114,223.06512,764.768,8.4974,complete,0.05,1.839745,,,
911,traffic,900,306.80696,258.00694,751.747,8.3527,complete,0.05,1.78367,,,
912,traffic,900,344.176,289.2794,1002.431,11.1381,complete,0.05,2.054302,,,
913,traffic,900,447.16813,291.56588,1114.845,12.3872,complete,0.05,1.781714,,,
914,traffic,900,446.6468,298.03124,1145.639,12.7293,complete,0.05,1.903717,,,
915,traffic,900,360.37922,296.56482,877.435,9.7493,complete,0.05,1.766387,,,
916,traffic,900,387.12213,295.02661,978.53,10.8726,complete,0.05,1.749593,,,
917,traffic,641,-130.43011,272.17788,813.298,12.688,off_road,0.05,1.901667,,,
918,traffic,900,403.15996,273.36557,903.118,10.0346,complete,0.05,1.800258,,,
919,traffic,900,356.51173,311.63804,778.217,8.6469,complete,0.05,1.853087,,,
920,traffic,900,357.55631,312.74628,877.508,9.7501,complete,0.05,1.758773,,,
921,traffic,900,322.7723,312.28316,832.47,9.2497,complete,0.05,1.832183,,,
922,traffic,900,426.16293,322.89559,930.267,10.3363,complete,0.05,1.755121,,,
923,traffic,900,300.06784,319.34063,755.686,8.3965,complete,0.05,1.783666,,,
924,traffic,900,454.91168,328.4986,1223.813,13.5979,complete,0.05,1.754149,,,
925,traffic,62,-461.30552,284.80469,97.607,15.7431,collision,0.05,2.029614,269.63668,714.007,1.0
926,traffic,900,373.35566,281.67154,927.21,10.3023,complete,0.05,1.709508,,,
927,traffic,386,-387.79091,252.6491,502.366,13.0147,collision,0.05,1.658263,,,
928,traffic,418,-424.91793,220.47873,717.544,17.1661,collision,0.05,1.675578,,,
929,traffic,170,-294.5542,193.47751,220.778,12.9869,off_road,0.05,1.629621,,,
930,traffic,900,402.36337,199.50812,939.886,10.4432,complete,0.05,1.775232,,,
931,traffic,900,352.58739,201.79714,1094.549,12.1617,complete,0.05,1.755785,,,
932,traffic,704,-83.91754,180.39246,1025.665,14.5691,collision,0.05,1.796591,,,
933,traffic,395,-310.06369,142.53087,575.824,14.5778,collision,0.05,1.83692,,,
934,traffic,830,-125.72611,113.91223,1132.651,13.6464,collision,0.05,1.871822,,,
935,traffic,900,443.71143,118.07884,1259.728,13.997,complete,0.05,1.68427,,,
936,traffic,900,410.75139,119.2603,941.884,10.4654,complete,0.05,1.84165,,,
937,traffic,486,-279.98342,111.78263,865.558,17.8098,collision,0.05,1.747998,,,
938,traffic,790,-85.13443,87.36791,1104.442,13.9803,collision,0.05,1.871985,,,
939,traffic,900,683.31384,103.70802,1743.603,19.3734,complete,0.05,1.782604,,,
940,traffic,900,414.16074,106.53824,1025.057,11.3895,complete,0.05,1.823505,,,
941,traffic,900,343.57794,107.57852,871.249,9.6805,complete,0.05,1.867869,,,
942,traffic,586,-242.00928,74.16991,682.786,11.6516,collision,0.05,1.710029,,,
943,traffic,900,374.03196,77.86812,927.185,10.3021,complete,0.05,1.764357,,,
944,traffic,263,-320.03158,39.12095,273.991,10.4179,off_road,0.05,1.961114,,,
945,traffic,269,-395.55706,42.40838,428.969,15.9468,collision,0.05,1.879229,,,
946,traffic,900,345.64301,41.02275,1007.817,11.198,complete,0.05,1.834141,,,
947,traffic,900,448.21791,82.82319,1006.131,11.1792,complete,0.05,1.808358,,,
948,traffic,714,-61.43707,100.99723,908.162,12.7194,off_road,0.05,1.757442,,,
949,traffic,900,330.13773,132.23183,1048.057,11.6451,complete,0.05,1.762396,,,
950,traffic,900,397.47066,131.98719,959.114,10.6568,complete,0.05,1.74263,419.51537,1049.719,1.0
951,traffic,900,322.18036,130.46684,938.571,10.4286,complete,0.05,1.848133,,,
952,traffic,537,-271.6806,121.07869,677.468,12.6158,collision,0.05,1.860118,,,
953,traffic,478,-247.49679,124.20703,664.782,13.9076,collision,0.05,1.938021,,,
954,traffic,900,428.41342,151.91401,1041.236,11.5693,complete,0.05,1.789291,,,
955,traffic,900,463.98715,152.92779,1132.109,12.579,complete,0.05,1.747385,,,
956,traffic,521,-280.28452,118.376,815.241,15.6476,collision,0.05,1.53699,,,
957,traffic,900,428.1944,153.78489,1338.554,14.8728,complete,0.05,1.743174,,,
958,traffic,900,337.72014,174.92762,1012.247,11.2472,complete,0.05,1.701788,,,
959,traffic,900,363.58048,158.94095,908.718,10.0969,complete,0.05,1.691022,,,
960,traffic,379,-368.48221,119.8088,596.016,15.726,collision,0.05,1.733017,,,
961,traffic,258,-307.03348,87.27823,218.059,8.4519,off_road,0.05,1.552176,,,
962,traffic,542,-257.04352,86.52652,846.251,15.6135,collision,0.05,1.676046,,,
963,traffic,900,316.47016,83.64843,1095.552,12.1728,complete,0.05,1.699564,,,
964,traffic,900,330.93399,116.19671,968.231,10.7581,complete,0.05,1.766654,,,
965,traffic,900,242.99477,148.1243,893.856,9.9317,complete,0.05,1.701323,,,
966,traffic,900,338.47058,147.76568,949.447,10.5494,complete,0.05,1.800551,,,
967,traffic,900,258.61811,138.28569,883.032,9.8115,complete,0.05,1.749385,,,
968,traffic,900,301.07788,156.41144,915.084,10.1676,complete,0.05,1.765638,,,
969,traffic,900,394.59775,159.63444,1038.622,11.5402,complete,0.05,1.722877,,,
970,traffic,714,-220.45437,128.73818,869.636,12.1798,collision,0.05,1.987211,,,
971,traffic,245,-397.71361,92.74349,376.318,15.3599,collision,0.05,2.016467,,,
972,traffic,900,377.14259,125.18465,1020.958,11.344,complete,0.05,1.840489,,,
973,traffic,900,350.18782,155.06888,873.634,9.707,complete,0.05,1.882015,,,
974,traffic,900,442.89312,155.79286,1056.873,11.743,complete,0.05,1.877101,,,
975,traffic,900,361.47984,150.6675,849.098,9.4344,complete,0.05,1.959815,398.40134,957.097,1.0
976,traffic,900,464.01451,187.88245,1167.408,12.9712,complete,0.05,1.914761,,,
977,traffic,900,378.00453,185.37295,876.912,9.7435,complete,0.05,1.990274,,,
978,traffic,900,409.76872,188.97538,953.313,10.5924,complete,0.05,1.964648,,,
979,traffic,317,-170.30021,162.28135,512.545,16.1686,off_road,0.05,1.683159,,,
980,traffic,900,463.87906,203.89941,1019.295,11.3255,complete,0.05,1.83956,,,
981,traffic,900,355.32803,237.01749,890.468,9.8941,complete,0.05,1.95939,,,
982,traffic,900,364.33454,268.08639,899.273,9.9919,complete,0.05,1.839189,,,
983,traffic,727,-9.59714,251.78303,908.065,12.4906,off_road,0.05,1.79752,,,
984,traffic,900,417.17122,256.09489,1251.391,13.9043,complete,0.05,1.871201,,,
985,traffic,900,450.13173,266.45173,963.407,10.7045,complete,0.05,1.771033,,,
986,traffic,900,365.14461,267.78544,818.75,9.0972,complete,0.05,1.883748,,,
987,traffic,900,342.21756,271.96541,881.88,9.7987,complete,0.05,1.836228,,,
988,traffic,900,389.78901,276.40096,925.966,10.2885,complete,0.05,1.73991,,,
989,traffic,900,357.54672,274.54841,870.827,9.6759,complete,0.05,1.719029,,,
990,traffic,900,341.12224,302.62724,834.052,9.2672,complete,0.05,1.785039,,,
991,traffic,900,377.1273,341.36929,884.802,9.8311,complete,0.05,1.699391,,,
992,traffic,900,392.39072,342.1317,1046.149,11.6239,complete,0.05,1.6456,,,
993,traffic,900,272.37495,338.24105,909.423,10.1047,complete,0.05,1.603667,,,
994,traffic,900,318.04564,331.99868,871.491,9.6832,complete,0.05,1.634375,,,
995,traffic,900,388.06394,333.32788,943.464,10.4829,complete,0.05,1.57937,,,
996,traffic,900,375.69518,328.91192,940.073,10.4453,complete,0.05,1.567621,,,
997,traffic,900,303.71669,325.19752,871.717,9.6857,complete,0.05,1.470453,,,
998,traffic,336,-427.04378,283.3569,430.153,12.8022,collision,0.05,1.60923,,,
999,traffic,300,-247.71695,279.48606,352.246,11.7415,off_road,0.05,1.409177,,,
1000,traffic,900,441.58412,278.37132,1082.229,12.0248,complete,0.05,1.470344,402.75167,1002.143,1.0
